"cl1","cl2","gene","pval","lfc","meanA","meanB","q1","q2","q.diff"
"CR","L23IT","Kcnip1",5.83593065098797e-30,4.71675531625029,4.75959509755517,0.0428397813048819,0.666666666666667,0.0100704934541793,0.984894259818731
"CR","L23IT","Kcnb1",2.72785930182126e-35,-5.61392685714687,1.29122629817817,6.90515315532504,0.222222222222222,0.99496475327291,0.776653171390014
"CR","L23IT","Kcna2",4.71531605294303e-25,-4.85762397705861,0.591812934519418,5.44943691157803,0.166666666666667,0.905337361530715,0.815906562847609
"CR","L23IT","Kcna1",3.39071194154547e-17,-4.93077824157254,0.244049483681521,5.17482772525407,0.111111111111111,0.871097683786506,0.872447013487476
"CR","L23IT","Kcnd2",3.96923497341432e-17,-5.15830504365957,0.327752171966856,5.48605721562642,0.0555555555555556,0.908358509566969,0.938839615668884
"CR","L23IT","Kcnn2",2.76644796107568e-09,-3.1464460452699,0.592437291124349,3.73888333639425,0.166666666666667,0.804632426988922,0.792866082603254
"CR","L23IT","Cacna1a",3.36752253483324e-09,-2.66416147415661,1.7495043842923,4.41366585844891,0.277777777777778,0.942598187311178,0.705306267806268
"CR","L23IT","Kcnd3",2.15306243486455e-07,-3.12070686218917,1.14864784241792,4.26935470460709,0.222222222222222,0.827794561933535,0.731549067315491
"CR","L4","Kcnip1",3.11679055710664e-30,4.72712460384546,4.75959509755517,0.0324704937097098,0.666666666666667,0.00854700854700855,0.987179487179487
"CR","L4","Kcnb1",2.21672102463896e-50,-6.74845498727153,1.29122629817817,8.0396812854497,0.222222222222222,0.997150997150997,0.777142857142857
"CR","L4","Kcna2",4.17898581051185e-50,-6.98622098380832,0.591812934519418,7.57803391832773,0.166666666666667,0.987179487179487,0.831168831168831
"CR","L4","Kcnd2",6.1292192859022e-18,-5.27738157892382,0.327752171966856,5.60513375089068,0.0555555555555556,0.883190883190883,0.937096774193548
"CR","L4","Cacna1a",2.76515240571078e-17,-3.80221173856066,1.7495043842923,5.55171612285296,0.277777777777778,0.969373219373219,0.713445995591477
"CR","L4","Kcnab1",1.65885567450607e-10,-4.01462262956703,0.563507823466718,4.57813045303376,0.166666666666667,0.758547008547009,0.780281690140845
"CR","L4","Kcna1",1.67430162635971e-10,-3.72442724594765,0.244049483681521,3.96847672962917,0.111111111111111,0.688746438746439,0.838676318510858
"CR","L4","Cacna1g",1.05848922278073e-09,-3.22603924026977,0.838130756888102,4.06416999715787,0.111111111111111,0.788461538461538,0.859078590785908
"CR","L5IT","Kcnip1",1.35398314801451e-29,4.69080111434248,4.75959509755517,0.0687939832126948,0.666666666666667,0.0134529147982063,0.979820627802691
"CR","L5IT","Kcna2",3.54052691772918e-47,-6.79457183233624,0.591812934519418,7.38638476685566,0.166666666666667,1,0.833333333333333
"CR","L5IT","Kcnb1",1.77516944439471e-36,-5.71843550744255,1.29122629817817,7.00966180562072,0.222222222222222,0.997757847533632,0.777278401997503
"CR","L5IT","Kcna1",6.37691939173753e-17,-4.89222072182579,0.244049483681521,5.13627020550731,0.111111111111111,0.884529147982063,0.874383889593015
"CR","L5IT","Kcnd2",9.79602062911168e-13,-4.37648374832604,0.327752171966856,4.7042359202929,0.0555555555555556,0.85762331838565,0.93522149600581
"CR","L5IT","Hcn1",9.4219548458442e-12,-3.87064733170784,0.34003623429799,4.21068356600584,0.111111111111111,0.817264573991031,0.864045115073922
"CR","L5IT","Kcnab1",1.43411189508503e-11,-4.25924402911463,0.563507823466718,4.82275185258135,0.166666666666667,0.803811659192825,0.792654579265458
"CR","L5IT","Cacna1a",8.44053380083869e-11,-2.92871322688531,1.7495043842923,4.67821761117761,0.277777777777778,0.976457399103139,0.715524939405536
"CR","L5PT","Kcnip1",4.98833842583248e-29,4.67211472880246,4.75959509755517,0.0874803687527137,0.666666666666667,0.0202205882352941,0.969669117647059
"CR","L5PT","Kcna2",3.44134890039598e-45,-6.68526894568575,0.591812934519418,7.27708188020516,0.166666666666667,0.994485294117647,0.832409118915588
"CR","L5PT","Kcnb1",1.48866775499361e-37,-5.84332169418588,1.29122629817817,7.13454799236405,0.222222222222222,1,0.777777777777778
"CR","L5PT","Hcn1",2.19152919889919e-37,-7.31460121883011,0.34003623429799,7.6546374531281,0.111111111111111,1,0.888888888888889
"CR","L5PT","Kcnn2",1.63430110766681e-35,-6.64197565897659,0.592437291124349,7.23441295010094,0.166666666666667,1,0.833333333333333
"CR","L5PT","Kcna1",1.87693809430209e-23,-5.88048458869689,0.244049483681521,6.12453407237841,0.111111111111111,0.963235294117647,0.884648006785411
"CR","L5PT","Kcnab1",1.31626983592741e-19,-5.75142597710124,0.563507823466718,6.31493380056794,0.166666666666667,0.9375,0.822222222222222
"CR","L5PT","Cacna1h",6.18897448498186e-19,-2.93830599207629,0,2.93830599207629,0,0.6875,1
"CR","L5PT","Kcnd2",2.54929690440905e-17,-5.22809189860555,0.327752171966856,5.55584407057241,0.0555555555555556,0.948529411764706,0.941429801894918
"CR","L6b","Kcnip1",2.38702732464846e-23,4.18067206609195,4.75959509755517,0.578923031463219,0.666666666666667,0.0985221674876847,0.852216748768473
"CR","L6b","Kcnb1",1.28077731807039e-28,-5.0880486841717,1.29122629817817,6.37927498234987,0.222222222222222,1,0.777777777777778
"CR","L6b","Kcnab1",5.84516776600415e-28,-7.00081958691683,0.563507823466718,7.56432741038355,0.166666666666667,0.958128078817734,0.82604970008569
"CR","L6b","Kcna2",6.85159300146043e-26,-5.00722976007318,0.591812934519418,5.5990426945926,0.166666666666667,0.95320197044335,0.825150732127476
"CR","L6b","Kcna1",1.21140377363367e-22,-5.80146786892405,0.244049483681521,6.04551735260556,0.111111111111111,0.975369458128079,0.886083052749719
"CR","L6b","Hcn1",1.5269371304952e-10,-3.67893997480219,0.34003623429799,4.01897620910018,0.111111111111111,0.82512315270936,0.865339966832504
"CR","L6b","Kcnn3",5.11234122423064e-10,-2.04275794062162,0,2.04275794062162,0,0.504926108374384,1
"CR","L6b","Kcnd2",1.03457246427401e-07,-3.30167405901152,0.327752171966856,3.62942623097838,0.0555555555555556,0.751231527093596,0.926047358834244
"CR","L6b","Cacna1a",3.00579890975464e-07,-2.33765342955666,1.7495043842923,4.08715781384896,0.277777777777778,0.955665024630542,0.709335624284078
"CR","L6CT","Kcnip1",6.04346703640742e-30,4.71316837947707,4.75959509755517,0.0464267180780996,0.666666666666667,0.00761179828734539,0.988582302568982
"CR","L6CT","Kcnb1",5.07629867636545e-34,-5.50364584835835,1.29122629817817,6.79487214653652,0.222222222222222,0.997145575642245,0.777141645462256
"CR","L6CT","Kcna1",1.56107244471911e-32,-6.94834142923889,0.244049483681521,7.1923909129204,0.111111111111111,0.991436726926736,0.887929195990616
"CR","L6CT","Hcn1",1.1952582765658e-24,-5.8169890612102,0.34003623429799,6.15702529550818,0.111111111111111,0.972407231208373,0.885736029571646
"CR","L6CT","Kcna2",6.09286316277391e-22,-4.52062885989627,0.591812934519418,5.11244179441568,0.166666666666667,0.892483349191246,0.813255152807392
"CR","L6CT","Kcnn2",3.70465099421659e-17,-4.45745072041544,0.592437291124349,5.04988801153979,0.166666666666667,0.915318744053283,0.817914067914068
"CR","L6CT","Kcnd2",7.50629081460792e-14,-4.58181718295489,0.327752171966856,4.90956935492175,0.0555555555555556,0.864890580399619,0.935765798802102
"CR","L6CT","Cacna1a",4.3130545492636e-08,-2.46674135562646,1.7495043842923,4.21624573991876,0.277777777777778,0.939105613701237,0.704210289316672
"CR","L6IT","Kcnip1",8.72249931560314e-29,4.59809000608655,4.75959509755517,0.161505091468624,0.666666666666667,0.0325159914712154,0.951226012793177
"CR","L6IT","Kcnb1",3.5957448324476e-32,-5.32338889975639,1.29122629817817,6.61461519793456,0.222222222222222,0.994669509594883,0.776586876265333
"CR","L6IT","Kcna2",9.7109557889559e-26,-4.90779777761797,0.591812934519418,5.49961071213738,0.166666666666667,0.926439232409382,0.820099731492137
"CR","L6IT","Kcna1",7.38583636587591e-23,-5.73329790114739,0.244049483681521,5.97734738482891,0.111111111111111,0.950426439232409,0.883093413099022
"CR","L6IT","Kcnab1",1.03889995860002e-17,-5.3778078165694,0.563507823466718,5.94131564003612,0.166666666666667,0.9136460554371,0.81758070789576
"CR","L6IT","Kcnd2",1.83071406922068e-13,-4.49263520664657,0.327752171966856,4.82038737861341,0.0555555555555556,0.860341151385927,0.935426132452155
"CR","L6IT","Cacna1g",9.62715306822764e-13,-3.7682929230996,0.838130756888102,4.6064236799877,0.111111111111111,0.928038379530917,0.880273150807326
"CR","L6IT","Kcnn2",7.6141582606812e-12,-3.60854134682625,0.592437291124349,4.2009786379506,0.166666666666667,0.859808102345416,0.806158297168837
"CR","L6IT","Hcn1",1.78354058522392e-11,-3.79827785768606,0.34003623429799,4.13831409198405,0.111111111111111,0.803304904051173,0.861682518616825
"CR","Lamp5","Hcn1",2.91880858096936e-33,-6.79588467643221,0.34003623429799,7.13592091073019,0.111111111111111,0.977395577395577,0.88631920004469
"CR","Lamp5","Kcnn2",7.04330020762735e-32,-6.19943150694708,0.592437291124349,6.79186879807144,0.166666666666667,0.985749385749386,0.830923894981722
"CR","Lamp5","Kcna2",3.65762960176758e-30,-5.33904222839573,0.591812934519418,5.93085516291515,0.166666666666667,0.941031941031941,0.822889469103568
"CR","Lamp5","Kcnab1",1.32772493001543e-18,-5.52279779905328,0.563507823466718,6.08630562251998,0.166666666666667,0.917936117936118,0.818433261955746
"CR","Lamp5","Kcna1",3.33047057987216e-18,-5.06419137949972,0.244049483681521,5.30824086318124,0.111111111111111,0.862407862407862,0.871161760050649
"CR","Lamp5","Kcnb1",6.61107514639303e-17,-3.76145069055032,1.29122629817817,5.05267698872848,0.222222222222222,0.91007371007371,0.755819534437245
"CR","Lamp5","Kcnd2",2.65130572899384e-13,-4.4606625918996,0.327752171966856,4.78841476386645,0.0555555555555556,0.811793611793612,0.931564433683078
"CR","Lamp5","Kcnd3",4.45423468651016e-09,-3.51462795616955,1.14864784241792,4.66327579858747,0.222222222222222,0.831941031941032,0.732887051256809
"CR","Meis2","Kcna6",8.86623185623666e-13,3.60896391766908,4.46681836032242,0.857854442653338,0.777777777777778,0.196428571428571,0.747448979591837
"CR","NP","Kcna2",2.22486911394848e-30,-5.46645091049725,0.591812934519418,6.05826384501667,0.166666666666667,0.920110192837466,0.818862275449102
"CR","NP","Kcnb1",2.23109260439786e-20,-4.2494899323598,1.29122629817817,5.54071623053797,0.222222222222222,0.90633608815427,0.754812563323202
"CR","NP","Kcna1",5.02894804530416e-18,-5.13753712606253,0.244049483681521,5.38158660974406,0.111111111111111,0.837465564738292,0.867324561403509
"CR","NP","Hcn1",5.11930764199486e-17,-4.83142149413642,0.34003623429799,5.17145772843441,0.111111111111111,0.856749311294766,0.870310825294748
"CR","NP","Kcnd2",1.18709459165109e-11,-4.22004421758123,0.327752171966856,4.54779638954809,0.0555555555555556,0.752066115702479,0.926129426129426
"CR","Pvalb","Kcna2",4.34943192557252e-50,-6.96852636190269,0.591812934519418,7.5603392964221,0.166666666666667,0.991043439319301,0.831827082391926
"CR","Pvalb","Hcn1",2.70642800336585e-43,-7.80417286335179,0.34003623429799,8.14420909764976,0.111111111111111,0.997760859829825,0.888639537203271
"CR","Pvalb","Kcna1",2.39699246292084e-31,-6.78249752671774,0.244049483681521,7.02654701039926,0.111111111111111,0.957008508732647,0.883897467893724
"CR","Pvalb","Kcnab1",9.14019002597326e-28,-6.85264730972779,0.563507823466718,7.41615513319452,0.166666666666667,0.944021495745634,0.823450347881088
"CR","Pvalb","Kcnb1",1.23652954590579e-09,-2.73327240927341,1.29122629817817,4.02449870745158,0.222222222222222,0.810568741603224,0.725844076120319
"CR","Pvalb","Kcnd2",1.56110738759607e-08,-3.44773517135271,0.327752171966856,3.77548734331957,0.0555555555555556,0.702194357366771,0.920882936507937
"CR","Serpinf1","Kcnn2",3.28794415016934e-28,-6.2600493386439,0.592437291124349,6.85248662976825,0.166666666666667,0.990476190476191,0.831730769230769
"CR","Serpinf1","Kcna2",2.34097725131396e-23,-5.0178770118281,0.591812934519418,5.60968994634752,0.166666666666667,0.914285714285714,0.817708333333333
"CR","Serpinf1","Kcna1",1.21328938454568e-19,-5.68856281528898,0.244049483681521,5.9326122989705,0.111111111111111,0.923809523809524,0.879725085910653
"CR","Serpinf1","Hcn1",1.66164728367159e-18,-5.34466953964465,0.34003623429799,5.68470577394264,0.111111111111111,0.904761904761905,0.87719298245614
"CR","Serpinf1","Kcnab1",3.90890378726256e-11,-4.46466662724729,0.563507823466718,5.028174450714,0.166666666666667,0.761904761904762,0.78125
"CR","Serpinf1","Kcnb1",4.95284106985514e-11,-3.18770692354235,1.29122629817817,4.47893322172052,0.222222222222222,0.866666666666667,0.743589743589744
"CR","Serpinf1","Kcnd3",7.97257124167915e-11,-4.19749610709275,1.14864784241792,5.34614394951068,0.222222222222222,0.885714285714286,0.74910394265233
"CR","Sncg","Kcna2",2.45228791568106e-33,-5.78688027334993,0.591812934519418,6.37869320786935,0.166666666666667,0.981684981684982,0.830223880597015
"CR","Sncg","Kcnn2",1.03043475198591e-30,-6.24781455855947,0.592437291124349,6.84025184968381,0.166666666666667,0.989010989010989,0.831481481481481
"CR","Sncg","Hcn1",7.32822396208486e-16,-4.68330440726908,0.34003623429799,5.02334064156708,0.111111111111111,0.901098901098901,0.876693766937669
"CR","Sncg","Kcnd3",3.95500502426058e-14,-4.65867831461189,1.14864784241792,5.80732615702981,0.222222222222222,0.952380952380952,0.766666666666667
"CR","Sncg","Kcnb1",1.25003410595334e-13,-3.42952603344537,1.29122629817817,4.72075233162354,0.222222222222222,0.915750915750916,0.757333333333333
"CR","Sncg","Kcnab1",1.67006873643243e-11,-4.33943282907363,0.563507823466718,4.90294065254034,0.166666666666667,0.816849816849817,0.795964125560538
"CR","Sncg","Scn9a",6.44880571290686e-11,-2.20149321523632,0.0438714022800016,2.24536461751632,0,0.512820512820513,1
"CR","Sncg","Cacna1b",9.98520938769371e-10,-3.39332851771234,1.89651268760267,5.289841205315,0.277777777777778,0.974358974358974,0.714912280701754
"CR","Sncg","Kcna1",1.21247225374775e-09,-3.63524091027593,0.244049483681521,3.87929039395745,0.111111111111111,0.728937728937729,0.847571189279732
"CR","Sncg","Kcnq4",1.42604266062083e-07,-1.97289202648344,0,1.97289202648344,0,0.501831501831502,1
"CR","Sst","Kcna2",9.17723770598816e-43,-6.40996871589248,0.591812934519418,7.00178165041193,0.166666666666667,0.981944444444444,0.83026874115983
"CR","Sst","Kcnb1",1.270623631485e-19,-4.07617566526323,1.29122629817817,5.3674019634414,0.222222222222222,0.9375,0.762962962962963
"CR","Sst","Kcnab1",7.16579286841051e-18,-5.39568079974964,0.563507823466718,5.95918862321636,0.166666666666667,0.844791666666667,0.802712700369914
"CR","Sst","Hcn1",6.40825703875776e-17,-4.71566773607533,0.34003623429799,5.05570397037332,0.111111111111111,0.777777777777778,0.857142857142857
"CR","Sst","Kcna1",1.0817450395852e-16,-4.82225326687104,0.244049483681521,5.06630275055256,0.111111111111111,0.840277777777778,0.867768595041322
"CR","Sst","Kcnd2",1.29378858966001e-13,-4.51337794968049,0.327752171966856,4.84113012164735,0.0555555555555556,0.830208333333333,0.933082392304475
"CR","Sst","Kcnd3",1.25145886121571e-08,-3.40601042911261,1.14864784241792,4.55465827153054,0.222222222222222,0.809722222222222,0.725557461406518
"CR","Sst","Kcna3",3.99893914910132e-08,-3.21484028069577,0.582251663859377,3.79709194455514,0.111111111111111,0.711111111111111,0.84375
"CR","Vip","Hcn1",3.9494754333775e-20,-5.18575599122343,0.34003623429799,5.52579222552141,0.111111111111111,0.842818428184282,0.868167202572347
"CR","Vip","Kcna2",2.91341151823967e-18,-4.0686712159223,0.591812934519418,4.66048415044172,0.166666666666667,0.767276422764228,0.782781456953642
"CR","Vip","Kcnn2",8.24118717423218e-16,-4.23739825867181,0.592437291124349,4.82983554979615,0.166666666666667,0.819783197831978,0.796694214876033
"CR","Vip","Kcnb1",6.31560736354605e-12,-3.08922200794227,1.29122629817817,4.38044830612045,0.222222222222222,0.77710027100271,0.714036617262424
"CR","Vip","Kcnab1",5.38320553977451e-09,-3.65332369028972,0.563507823466718,4.21683151375644,0.166666666666667,0.649728997289973,0.743482794577685
"L23IT","L4","Kcnab1",3.8310591276999e-317,-4.26393887578665,0.314191577247104,4.57813045303376,0.0694864048338369,0.758547008547009,0.908395387430322
"L23IT","L5IT","Kcnab1",9.44884424830174e-288,-4.50856027533424,0.314191577247104,4.82275185258135,0.0694864048338369,0.803811659192825,0.913553872926384
"L23IT","L5PT","Kcnc1",2.92795485621501e-313,3.75385341427647,4.3806075707435,0.626754156467039,0.892245720040282,0.202205882352941,0.773374219891117
"L23IT","L5PT","Kcnip2",1.74689910395702e-264,4.82952779840264,5.76478889081498,0.935261092412344,0.921450151057402,0.220588235294118,0.760607521697203
"L23IT","L5PT","Kcnab1",0,-6.00074222332085,0.314191577247104,6.31493380056794,0.0694864048338369,0.9375,0.925881168177241
"L23IT","L6b","Kcnip2",4.93932331221569e-229,4.9487788642705,5.76478889081498,0.816010026544478,0.921450151057402,0.194581280788177,0.788831462488896
"L23IT","L6b","Kcnb2",1.0244315016748e-117,3.06441587879889,3.41348168202264,0.349065803223746,0.673716012084592,0.0911330049261084,0.864730831253176
"L23IT","L6b","Cacna1g",8.08859873770435e-66,2.25836138495907,2.97903112388418,0.720669738925105,0.691842900302115,0.199507389162562,0.711629057585992
"L23IT","L6b","Kcnab1",0,-7.25013583313645,0.314191577247104,7.56432741038355,0.0694864048338369,0.958128078817734,0.927476914235121
"L23IT","L6b","Kcnn3",4.94097074374392e-77,-1.49947428624897,0.543283654372644,2.04275794062162,0.14098690835851,0.504926108374384,0.720777147348513
"L23IT","L6CT","Kcnb2",1.28764178695998e-222,3.20047301506083,3.41348168202264,0.213008666961807,0.673716012084592,0.049476688867745,0.92656150665819
"L23IT","L6CT","Cacna1g",3.40085375263867e-136,2.47047016861996,2.97903112388418,0.508560955264209,0.691842900302115,0.14081826831589,0.796459184224631
"L23IT","L6IT","Kcnab1",0,-5.62712406278902,0.314191577247104,5.94131564003612,0.0694864048338369,0.9136460554371,0.923946035316057
"L23IT","Lamp5","Kcnip2",0,4.94906652195589,5.76478889081498,0.815722368859093,0.921450151057402,0.168550368550369,0.817081403310912
"L23IT","Lamp5","Kcnb2",2.19758073889577e-237,2.89441104950123,3.41348168202264,0.519070632521405,0.673716012084592,0.112039312039312,0.833699496479765
"L23IT","Lamp5","Kcnip1",0,-7.99642584834297,0.0428397813048819,8.03926562964785,0.0100704934541793,0.977886977886978,0.98970178181947
"L23IT","Lamp5","Kcnab1",0,-5.77211404527289,0.314191577247104,6.08630562251998,0.0694864048338369,0.917936117936118,0.924301480815387
"L23IT","Lamp5","Kcnn3",4.36339370956838e-87,-1.04987125706708,0.543283654372644,1.59315491143973,0.14098690835851,0.508599508599509,0.722793856512496
"L23IT","Meis2","Kcna2",3.4434730490935e-66,4.67520198836419,5.44943691157803,0.774234923213835,0.905337361530715,0.160714285714286,0.822481328460194
"L23IT","Meis2","Kcnip2",1.7579264174474e-49,5.22048735973241,5.76478889081498,0.544301531082568,0.921450151057402,0.0714285714285714,0.92248243559719
"L23IT","Meis2","Scn1a",3.93004169684587e-36,3.36282422951369,5.05889282196021,1.69606859244652,0.873111782477341,0.25,0.713667820069204
"L23IT","Meis2","Cacna1a",4.04645164161459e-33,3.12451215213842,4.41366585844891,1.28915370631048,0.942598187311178,0.267857142857143,0.715831043956044
"L23IT","Meis2","Cacna1b",6.53000557572236e-24,3.16374834047488,4.57499812610252,1.41124978562765,0.926485397784491,0.267857142857143,0.710888975155279
"L23IT","Meis2","Kcna4",3.4351801681866e-11,2.23239859133832,3.11889289800366,0.886494306665346,0.634441087613293,0.125,0.802976190476191
"L23IT","Meis2","Kcnip1",8.97430769402939e-132,-5.88950428876171,0.0428397813048819,5.93234407006659,0.0100704934541793,0.732142857142857,0.986245179672341
"L23IT","NP","Kcnip2",1.29274072444389e-244,5.33194985812131,5.76478889081498,0.432839032693669,0.921450151057402,0.09366391184573,0.898351623537913
"L23IT","NP","Kcnd3",3.05422870607387e-155,4.15847997589751,4.26935470460709,0.110874728709583,0.827794561933535,0.0330578512396694,0.960065150509742
"L23IT","NP","Kcnb2",8.30614699585015e-77,2.55917000615504,3.41348168202264,0.854311675867595,0.673716012084592,0.165289256198347,0.754660341696624
"L23IT","NP","Kcnip1",0,-6.26598136340695,0.0428397813048819,6.30882114471184,0.0100704934541793,0.87603305785124,0.988504436717399
"L23IT","Pvalb","Kcnd3",1.43936641664794e-247,3.29352007538039,4.26935470460709,0.975834629226702,0.827794561933535,0.221674876847291,0.732210276509295
"L23IT","Pvalb","Kcnb2",1.96298786727315e-219,2.73789381366515,3.41348168202264,0.675587868357484,0.673716012084592,0.149574563367667,0.777985737781625
"L23IT","Pvalb","Kcna4",7.17034985161827e-186,2.75074724536935,3.11889289800366,0.36814565263432,0.634441087613293,0.0868786386027765,0.863062717249909
"L23IT","Pvalb","Cacna1g",8.63417774372384e-140,2.15809135008664,2.97903112388418,0.820939773797529,0.691842900302115,0.207344379758173,0.70030135502203
"L23IT","Pvalb","Kcnab1",0,-7.10196355594741,0.314191577247104,7.41615513319452,0.0694864048338369,0.944021495745634,0.926393196397553
"L23IT","Pvalb","Kcnip1",0,-6.85839517383318,0.0428397813048819,6.90123495513807,0.0100704934541793,0.918943125839678,0.989041222279151
"L23IT","Serpinf1","Kcnip2",9.05929379323221e-62,4.37781816241121,5.76478889081498,1.38697072840377,0.921450151057402,0.276190476190476,0.700265417642467
"L23IT","Serpinf1","Kcnip1",0,-10.2415422667877,0.0428397813048819,10.2843820480926,0.0100704934541793,1,0.989929506545821
"L23IT","Serpinf1","Kcnab1",6.44481248468847e-67,-4.7139828734669,0.314191577247104,5.028174450714,0.0694864048338369,0.761904761904762,0.908799093655589
"L23IT","Sncg","Kcnip2",1.23751309426825e-163,4.82343289659802,5.76478889081498,0.941355994216961,0.921450151057402,0.201465201465201,0.781360715786945
"L23IT","Sncg","Kcnip1",0,-9.84669184596703,0.0428397813048819,9.8895316272719,0.0100704934541793,1,0.989929506545821
"L23IT","Sncg","Kcnab1",1.59775717371584e-139,-4.58874907529324,0.314191577247104,4.90294065254034,0.0694864048338369,0.816849816849817,0.914933683768442
"L23IT","Sncg","Scn9a",7.26104338645472e-116,-2.1797354907349,0.0656291267814265,2.24536461751632,0.0151057401812689,0.512820512820513,0.970543806646526
"L23IT","Sncg","Hcn3",1.82138261121196e-72,-2.73731393400841,0.40633811092053,3.14365204492894,0.105740181268882,0.67032967032967,0.842256450893963
"L23IT","Sncg","Kcnq4",6.69881350199945e-56,-1.66359059106786,0.309301435415577,1.97289202648344,0.0835850956696878,0.501831501831502,0.833439918847994
"L23IT","Sst","Kcnip1",0,-8.19361724205133,0.0428397813048819,8.2364570233562,0.0100704934541793,0.989583333333333,0.989823501351566
"L23IT","Sst","Kcnab1",0,-5.64499704596925,0.314191577247104,5.95918862321636,0.0694864048338369,0.844791666666667,0.917747288975976
"L23IT","Vip","Kcnip1",0,-7.89685496462728,0.0428397813048819,7.93969474593213,0.0100704934541793,0.92310298102981,0.989090606724133
"L23IT","Vip","Kcnab1",0,-3.90263993650933,0.314191577247104,4.21683151375644,0.0694864048338369,0.649728997289973,0.893053249703083
"L4","L5PT","Kcnc1",8.93839503924918e-244,3.11813157453601,3.74488573100305,0.626754156467039,0.742877492877493,0.202205882352941,0.72780723027466
"L4","L5PT","Kcnip2",3.42211003884624e-190,3.85294087518577,4.78820196759811,0.935261092412344,0.77991452991453,0.220588235294118,0.717163577759871
"L4","L5PT","Cacna1h",0,-2.920736897686,0.0175690943902973,2.93830599207629,0.00498575498575499,0.6875,0.992747992747993
"L4","L6b","Kcnip2",3.15306755568119e-163,3.97219194105364,4.78820196759811,0.816010026544478,0.77991452991453,0.194581280788177,0.750509481071597
"L4","L6b","Cacna1g",2.82803044061104e-153,3.34350025823277,4.06416999715787,0.720669738925105,0.788461538461538,0.199507389162562,0.746966238135288
"L4","L6b","Kcnb2",1.1545725673665e-114,2.89189188015091,3.24095768337466,0.349065803223746,0.588319088319088,0.0911330049261084,0.845095957728503
"L4","L6b","Kcnn3",2.68712056153393e-102,-1.66078423819602,0.381973702425596,2.04275794062162,0.106837606837607,0.504926108374384,0.788409422555764
"L4","L6CT","Cacna1g",2.05531308669959e-321,3.55560904189366,4.06416999715787,0.508560955264209,0.788461538461538,0.14081826831589,0.82140122067253
"L4","L6CT","Kcnab1",2.64324587302606e-262,3.7984224244965,4.57813045303376,0.779708028537251,0.758547008547009,0.168411037107517,0.777982069390654
"L4","L6CT","Kcnb2",4.09851211586682e-234,3.02794901641284,3.24095768337466,0.213008666961807,0.588319088319088,0.049476688867745,0.915901608752646
"L4","L6IT","Kcna3",1.77834446454655e-122,-2.07162474008369,0.527044697844255,2.59866943792794,0.103276353276353,0.538379530916844,0.808171842825308
"L4","Lamp5","Kcnip2",0,3.97247959873902,4.78820196759811,0.815722368859093,0.77991452991453,0.168550368550369,0.783886102790212
"L4","Lamp5","Kcnb2",2.30150074129144e-260,2.72188705085325,3.24095768337466,0.519070632521405,0.588319088319088,0.112039312039312,0.809560297695891
"L4","Lamp5","Kcnip1",0,-8.00679513593815,0.0324704937097098,8.03926562964785,0.00854700854700855,0.977886977886978,0.991259717390371
"L4","Lamp5","Kcna3",6.15839279031653e-195,-2.58949930370379,0.527044697844255,3.11654400154805,0.103276353276353,0.581818181818182,0.822493767806268
"L4","Lamp5","Kcnn3",5.08804167480951e-142,-1.21118120901413,0.381973702425596,1.59315491143973,0.106837606837607,0.508599508599509,0.789937652256493
"L4","Meis2","Kcna2",6.38140196560358e-139,6.80379899511391,7.57803391832773,0.774234923213835,0.987179487179487,0.160714285714286,0.837198515769944
"L4","Meis2","Scn1a",1.21786496274458e-70,4.73409596209813,6.43016455454465,1.69606859244652,0.943019943019943,0.25,0.734894259818731
"L4","Meis2","Cacna1a",7.54527640314755e-61,4.26256241654248,5.55171612285296,1.28915370631048,0.969373219373219,0.267857142857143,0.723680067177496
"L4","Meis2","Kcnip2",7.46134583251782e-34,4.24390043651555,4.78820196759811,0.544301531082568,0.77991452991453,0.0714285714285714,0.908414872798434
"L4","Meis2","Kcnab1",4.62123294148501e-31,4.18856799439958,4.57813045303376,0.389562458634177,0.758547008547009,0.0535714285714286,0.929376257545272
"L4","Meis2","Kcna4",5.39479570216083e-21,3.14420933694143,4.03070364360678,0.886494306665346,0.706552706552707,0.125,0.823084677419355
"L4","Meis2","Hcn1",6.49963271997719e-17,2.71730479269907,3.150751405044,0.433446612344931,0.562678062678063,0.0535714285714286,0.904792043399638
"L4","Meis2","Kcnip1",2.95222263438773e-134,-5.89987357635688,0.0324704937097098,5.93234407006659,0.00854700854700855,0.732142857142857,0.988326037106525
"L4","NP","Kcnip2",3.73691485300174e-179,4.35536293490444,4.78820196759811,0.432839032693669,0.77991452991453,0.09366391184573,0.879904902071776
"L4","NP","Kcnd3",2.24992816131651e-124,3.56049450118613,3.67136922989571,0.110874728709583,0.68019943019943,0.0330578512396694,0.951399766345031
"L4","NP","Kcnb2",1.26765323062027e-72,2.38664600750706,3.24095768337466,0.854311675867595,0.588319088319088,0.165289256198347,0.71904828607448
"L4","NP","Kcnip1",0,-6.27635065100212,0.0324704937097098,6.30882114471184,0.00854700854700855,0.87603305785124,0.990243509111434
"L4","Pvalb","Kcna4",0,3.66255799097245,4.03070364360678,0.36814565263432,0.706552706552707,0.0868786386027765,0.87703870100978
"L4","Pvalb","Cacna1g",0,3.24323022336034,4.06416999715787,0.820939773797529,0.788461538461538,0.207344379758173,0.737026640306708
"L4","Pvalb","Kcnb2",9.73774869503368e-241,2.56536981501717,3.24095768337466,0.675587868357484,0.588319088319088,0.149574563367667,0.745759458876266
"L4","Pvalb","Kcnip1",0,-6.86876446142835,0.0324704937097098,6.90123495513807,0.00854700854700855,0.918943125839678,0.990699088652305
"L4","Pvalb","Kcna3",3.03363517848949e-160,-2.29712556948344,0.527044697844255,2.8241702673277,0.103276353276353,0.552619793999104,0.813114994435902
"L4","Serpinf1","Kcnip1",0,-10.2519115543829,0.0324704937097098,10.2843820480926,0.00854700854700855,1,0.991452991452991
"L4","Serpinf1","Kcna3",1.00979139678832e-20,-2.3405791519403,0.527044697844255,2.86762384978456,0.103276353276353,0.533333333333333,0.806356837606838
"L4","Sncg","Kcnip2",1.85974962716323e-112,3.84684597338115,4.78820196759811,0.941355994216961,0.77991452991453,0.201465201465201,0.741682974559687
"L4","Sncg","Kcnip1",0,-9.8570611335622,0.0324704937097098,9.8895316272719,0.00854700854700855,1,0.991452991452991
"L4","Sncg","Scn9a",4.45497355290871e-91,-1.86327337895492,0.382091238561405,2.24536461751632,0.122507122507123,0.512820512820513,0.761111111111111
"L4","Sncg","Kcna3",2.89491294203943e-79,-3.10161911397663,0.527044697844255,3.62866381182089,0.103276353276353,0.714285714285714,0.855413105413105
"L4","Sncg","Kcnq4",4.21482577097743e-64,-1.72892200956784,0.243970016915596,1.97289202648344,0.0541310541310541,0.501831501831502,0.89213300892133
"L4","Sncg","Hcn3",1.12808707577045e-53,-2.26715724560975,0.876494799319199,3.14365204492894,0.187321937321937,0.67032967032967,0.720552519732848
"L4","Sst","Kcnip1",0,-8.2039865296465,0.0324704937097098,8.2364570233562,0.00854700854700855,0.989583333333333,0.99136302294197
"L4","Sst","Kcna3",0,-3.27004724671089,0.527044697844255,3.79709194455514,0.103276353276353,0.711111111111111,0.854767628205128
"L4","Vip","Kcnip1",0,-7.90722425222246,0.0324704937097098,7.93969474593213,0.00854700854700855,0.92310298102981,0.990741002117149
"L5IT","L5PT","Kcnc1",2.74740740999122e-117,2.30038191835574,2.92713607482278,0.626754156467039,0.695067264573991,0.202205882352941,0.709084440227704
"L5IT","L5PT","Cacna1h",1.56614381050098e-257,-2.61271489119028,0.325591100886008,2.93830599207629,0.0896860986547085,0.6875,0.869547492865879
"L5IT","L6CT","Kcnab1",1.90063836542337e-239,4.0430438240441,4.82275185258135,0.779708028537251,0.803811659192825,0.168411037107517,0.790484455927608
"L5IT","L6CT","Cacna1g",9.88126997799923e-110,2.27323732931109,2.7817982845753,0.508560955264209,0.649103139013453,0.14081826831589,0.783057175582429
"L5IT","Lamp5","Kcnip1",0,-7.97047164643516,0.0687939832126948,8.03926562964785,0.0134529147982063,0.977886977886978,0.986242873560628
"L5IT","Meis2","Kcna2",1.07139139579031e-128,6.61214984364182,7.38638476685566,0.774234923213835,1,0.160714285714286,0.839285714285714
"L5IT","Meis2","Scn1a",2.518964682527e-71,4.80988672381387,6.5059553162604,1.69606859244652,0.984304932735426,0.25,0.746013667425968
"L5IT","Meis2","Kcna6",1.8264718157113e-64,4.36685605702881,5.22471049968215,0.857854442653338,0.986547085201794,0.196428571428571,0.800892857142857
"L5IT","Meis2","Cacna1a",2.0390775106002e-38,3.38906390486712,4.67821761117761,1.28915370631048,0.976457399103139,0.267857142857143,0.725684762998196
"L5IT","Meis2","Kcnab1",7.1420453891484e-34,4.43318939394717,4.82275185258135,0.389562458634177,0.803811659192825,0.0535714285714286,0.93335325762104
"L5IT","Meis2","Hcn1",1.67305450007225e-30,3.7772369536609,4.21068356600584,0.433446612344931,0.817264573991031,0.0535714285714286,0.934450323339212
"L5IT","Meis2","Kcna4",5.50581508184017e-09,1.97007138387828,2.85656569054363,0.886494306665346,0.603139013452915,0.125,0.79275092936803
"L5IT","Meis2","Kcnip1",6.86097594972562e-130,-5.8635500868539,0.0687939832126948,5.93234407006659,0.0134529147982063,0.732142857142857,0.981625287104889
"L5IT","NP","Kcnd3",9.60969855069804e-102,3.39390983521896,3.50478456392854,0.110874728709583,0.713004484304933,0.0330578512396694,0.953635843858828
"L5IT","NP","Kcnip1",0,-6.24002716149914,0.0687939832126948,6.30882114471184,0.0134529147982063,0.87603305785124,0.984643370843557
"L5IT","Pvalb","Kcna4",2.50540574896383e-142,2.48842003790931,2.85656569054363,0.36814565263432,0.603139013452915,0.0868786386027765,0.85595586313443
"L5IT","Pvalb","Kcnip1",0,-6.83244097192537,0.0687939832126948,6.90123495513807,0.0134529147982063,0.918943125839678,0.985360448954973
"L5IT","Serpinf1","Kcnip1",0,-10.2155880648799,0.0687939832126948,10.2843820480926,0.0134529147982063,1,0.986547085201794
"L5IT","Sncg","Kcnip1",0,-9.82073764405921,0.0687939832126948,9.8895316272719,0.0134529147982063,1,0.986547085201794
"L5IT","Sncg","Scn9a",1.31991740596176e-91,-1.95421176084535,0.291152856670972,2.24536461751632,0.0885650224215247,0.512820512820513,0.827298206278027
"L5IT","Sncg","Kcnq4",1.77868767487813e-47,-1.54634038856107,0.426551637922371,1.97289202648344,0.114349775784753,0.501831501831502,0.772135118326732
"L5IT","Sst","Kcnip1",0,-8.16766304014351,0.0687939832126948,8.2364570233562,0.0134529147982063,0.989583333333333,0.986405475572339
"L5IT","Vip","Kcnip1",0,-7.87090076271947,0.0687939832126948,7.93969474593213,0.0134529147982063,0.92310298102981,0.985426420372732
"L5PT","L6b","Cacna1h",4.53254488887946e-196,2.73405461049888,2.93830599207629,0.204251381577412,0.6875,0.0591133004926108,0.914017017465293
"L5PT","L6b","Cacna1g",1.54108972530929e-54,2.28036629333925,3.00103603226436,0.720669738925105,0.773897058823529,0.199507389162562,0.742204228730562
"L5PT","L6b","Kcnb2",2.87560475556767e-37,1.87718813223448,2.22625393545822,0.349065803223746,0.512867647058823,0.0911330049261084,0.822306972473825
"L5PT","L6CT","Kcnab1",0,5.5352257720307,6.31493380056794,0.779708028537251,0.9375,0.168411037107517,0.820361560418649
"L5PT","L6CT","Cacna1h",8.71786830398827e-290,2.69777603247996,2.93830599207629,0.240529959596331,0.6875,0.0618458610846813,0.910042383876827
"L5PT","L6CT","Cacna1g",2.36169971403617e-98,2.49247507700015,3.00103603226436,0.508560955264209,0.773897058823529,0.14081826831589,0.818040052342413
"L5PT","L6CT","Kcnb2",1.67231488134045e-64,2.01324526849642,2.22625393545822,0.213008666961807,0.512867647058823,0.049476688867745,0.903529323498017
"L5PT","L6IT","Cacna1h",2.52800476634773e-287,2.47617987643599,2.93830599207629,0.462126115640307,0.6875,0.121002132196162,0.823996898623764
"L5PT","L6IT","Kcnc1",9.99707756700622e-302,-3.36030973695014,0.626754156467039,3.98706389341718,0.202205882352941,0.841684434968017,0.759760458965093
"L5PT","Lamp5","Cacna1h",0,2.74197323867504,2.93830599207629,0.196332753401255,0.6875,0.0525798525798526,0.923520214429305
"L5PT","Lamp5","Kcnb2",7.44752028579546e-56,1.70718330293682,2.22625393545822,0.519070632521405,0.512867647058823,0.112039312039312,0.781543420253098
"L5PT","Lamp5","Kcnip1",0,-7.95178526089514,0.0874803687527137,8.03926562964785,0.0202205882352941,0.977886977886978,0.979322162281998
"L5PT","Lamp5","Kcnc1",0,-5.87726427088808,0.626754156467039,6.50401842735512,0.202205882352941,0.979361179361179,0.79353287978513
"L5PT","Meis2","Kcna2",3.30335669044496e-120,6.50284695699133,7.27708188020516,0.774234923213835,0.994485294117647,0.160714285714286,0.838394507525746
"L5PT","Meis2","Scn1a",2.28136510931098e-113,6.22560872393783,7.92167731638435,1.69606859244652,1,0.25,0.75
"L5PT","Meis2","Hcn1",5.09248997011707e-102,7.22119084078317,7.6546374531281,0.433446612344931,1,0.0535714285714286,0.946428571428571
"L5PT","Meis2","Kcnab1",6.92591979295032e-57,5.92537134193378,6.31493380056794,0.389562458634177,0.9375,0.0535714285714286,0.942857142857143
"L5PT","Meis2","Cacna1h",3.03966125234189e-41,2.60843465144303,2.93830599207629,0.329871340633264,0.6875,0.0714285714285714,0.896103896103896
"L5PT","Meis2","Kcna1",1.07717547962292e-37,4.43369914739691,6.12453407237841,1.6908349249815,0.963235294117647,0.267857142857143,0.721919302071974
"L5PT","Meis2","Kcna6",4.66474389304525e-25,2.70639901150744,3.56425345416078,0.857854442653338,0.803308823529412,0.196428571428571,0.755475645635829
"L5PT","Meis2","Cacna1a",4.44777783362146e-24,2.69363564762352,3.982789353934,1.28915370631048,0.948529411764706,0.267857142857143,0.717607973421927
"L5PT","Meis2","Kcnip1",1.56284930767683e-124,-5.84486370131388,0.0874803687527137,5.93234407006659,0.0202205882352941,0.732142857142857,0.972381635581062
"L5PT","NP","Cacna1h",2.36830598878265e-204,2.88647702392151,2.93830599207629,0.0518289681547852,0.6875,0.0137741046831956,0.979964938642625
"L5PT","NP","Kcnd3",1.55730939379258e-76,3.18910913126461,3.29998385997419,0.110874728709583,0.715073529411765,0.0330578512396694,0.953769997238097
"L5PT","NP","Kcnip1",0,-6.22134077595912,0.0874803687527137,6.30882114471184,0.0202205882352941,0.87603305785124,0.976918007769145
"L5PT","Pvalb","Cacna1h",0,2.79677200652745,2.93830599207629,0.141533985548839,0.6875,0.0340349305866547,0.950494646419411
"L5PT","Pvalb","Cacna1g",5.05052035337189e-92,2.18009625846683,3.00103603226436,0.820939773797529,0.773897058823529,0.207344379758173,0.732077571048822
"L5PT","Pvalb","Kcnb2",2.70061224414188e-47,1.55066606710074,2.22625393545822,0.675587868357484,0.512867647058823,0.149574563367667,0.708356406910356
"L5PT","Pvalb","Kcnc1",0,-7.68761257246828,0.626754156467039,8.31436672893533,0.202205882352941,0.998656515897895,0.79752209179636
"L5PT","Pvalb","Kcnip1",0,-6.81375458638535,0.0874803687527137,6.90123495513807,0.0202205882352941,0.918943125839678,0.977995821866758
"L5PT","Pvalb","Kcnip2",0,-5.97016354173189,0.935261092412344,6.90542463414424,0.220588235294118,0.945812807881773,0.766773897058823
"L5PT","Serpinf1","Kcnip1",0,-10.1969016793399,0.0874803687527137,10.2843820480926,0.0202205882352941,1,0.979779411764706
"L5PT","Serpinf1","Kcnc1",2.73062954723204e-172,-5.49758695486803,0.626754156467039,6.12434111133507,0.202205882352941,0.971428571428571,0.791846885813149
"L5PT","Sncg","Kcnip1",0,-9.80205125851919,0.0874803687527137,9.8895316272719,0.0202205882352941,1,0.979779411764706
"L5PT","Sncg","Kcnc1",0,-6.07330433485217,0.626754156467039,6.70005849131921,0.202205882352941,0.996336996336996,0.79705071366782
"L5PT","Sncg","Scn9a",7.8624457126968e-77,-1.91343957616775,0.331925041348573,2.24536461751632,0.106617647058824,0.512820512820513,0.792095588235294
"L5PT","Sncg","Kcnq4",1.82406598176567e-62,-1.91282897154043,0.0600630549430056,1.97289202648344,0.0165441176470588,0.501831501831502,0.967032524688708
"L5PT","Sncg","Hcn3",2.62674073533013e-54,-2.55776812489553,0.585883920033415,3.14365204492894,0.163602941176471,0.67032967032967,0.755936595949855
"L5PT","Sst","Cacna1h",0,2.71294786014074,2.93830599207629,0.225358131935553,0.6875,0.0618055555555556,0.91010101010101
"L5PT","Sst","Kcnip1",0,-8.1489766546035,0.0874803687527137,8.2364570233562,0.0202205882352941,0.989583333333333,0.979566563467492
"L5PT","Sst","Kcnc1",0,-5.62227032687915,0.626754156467039,6.24902448334619,0.202205882352941,0.989236111111111,0.795593913240972
"L5PT","Vip","Kcnip1",0,-7.85221437717945,0.0874803687527137,7.93969474593213,0.0202205882352941,0.92310298102981,0.978094981111711
"L5PT","Vip","Kcnc1",0,-5.76548072683079,0.626754156467039,6.39223488329783,0.202205882352941,0.962737127371274,0.78996771122242
"L6b","L6CT","Kcnab1",0,6.7846193818463,7.56432741038355,0.779708028537251,0.958128078817734,0.168411037107517,0.824229097517605
"L6b","L6CT","Kcnn3",3.38920590694058e-117,1.84740439591131,2.04275794062162,0.19535354471031,0.504926108374384,0.0466222645099905,0.907665173702165
"L6b","L6IT","Cacna1g",9.28357010828514e-217,-3.88575394106259,0.720669738925105,4.6064236799877,0.199507389162562,0.928038379530917,0.78502248014419
"L6b","L6IT","Kcnip2",4.88976663957623e-81,-2.68774997523046,0.816010026544478,3.50376000177494,0.194581280788177,0.674307036247335,0.711435191495161
"L6b","Lamp5","Kcnip1",0,-7.46034259818464,0.578923031463219,8.03926562964785,0.0985221674876847,0.977886977886978,0.899249944302795
"L6b","Meis2","Kcna6",6.22765108317641e-91,5.39908959763169,6.25694404028503,0.857854442653338,1,0.196428571428571,0.803571428571429
"L6b","Meis2","Kcnab1",7.81061968623669e-80,7.17476495174937,7.56432741038355,0.389562458634177,0.958128078817734,0.0535714285714286,0.944087403598972
"L6b","Meis2","Kcna2",1.8093446679765e-65,4.82480777137877,5.5990426945926,0.774234923213835,0.95320197044335,0.160714285714286,0.831395348837209
"L6b","Meis2","Kcna1",2.29438780684371e-35,4.35468242762407,6.04551735260556,1.6908349249815,0.975369458128079,0.267857142857143,0.725378787878788
"L6b","Meis2","Scn1a",4.58807297799383e-29,3.11022491294663,4.80629350539315,1.69606859244652,0.886699507389163,0.25,0.718055555555556
"L6b","Meis2","Hcn1",6.02732176911894e-26,3.58552959675525,4.01897620910018,0.433446612344931,0.82512315270936,0.0535714285714286,0.935074626865672
"L6b","Meis2","Cacna1a",4.19256025071304e-25,2.79800410753848,4.08715781384896,1.28915370631048,0.955665024630542,0.267857142857143,0.719716494845361
"L6b","Meis2","Kcnn3",1.86806948394555e-23,1.94268448459907,2.04275794062162,0.100073456022543,0.504926108374384,0.0178571428571429,0.964634146341463
"L6b","Meis2","Kcna4",7.31581692349632e-11,2.27754718034855,3.16404148701389,0.886494306665346,0.682266009852217,0.125,0.816787003610108
"L6b","Meis2","Kcnip1",6.49245741827931e-102,-5.35342103860337,0.578923031463219,5.93234407006659,0.0985221674876847,0.732142857142857,0.865433137089992
"L6b","NP","Kcnn3",4.08324608385124e-82,1.90049824569638,2.04275794062162,0.142259694925241,0.504926108374384,0.0330578512396694,0.934529328764362
"L6b","NP","Kcnip1",0,-5.72989811324861,0.578923031463219,6.30882114471184,0.0985221674876847,0.87603305785124,0.887536016358398
"L6b","Pvalb","Kcnn3",2.62181818824498e-158,1.99215719553778,2.04275794062162,0.0506007450838361,0.504926108374384,0.0188087774294671,0.962749445676275
"L6b","Pvalb","Kcna4",5.17628918417665e-98,2.79589583437957,3.16404148701389,0.36814565263432,0.682266009852217,0.0868786386027765,0.872661634394486
"L6b","Pvalb","Kcnip1",0,-6.32231192367484,0.578923031463219,6.90123495513807,0.0985221674876847,0.918943125839678,0.892787524366472
"L6b","Pvalb","Kcnip2",0,-6.08941460759975,0.816010026544478,6.90542463414424,0.194581280788177,0.945812807881773,0.794270833333333
"L6b","Serpinf1","Kcnn3",4.17305946865178e-34,1.82165211196733,2.04275794062162,0.221105828654287,0.504926108374384,0.0761904761904762,0.849105691056911
"L6b","Serpinf1","Kcnip1",0,-9.70545901662938,0.578923031463219,10.2843820480926,0.0985221674876847,1,0.901477832512315
"L6b","Sncg","Kcnip1",0,-9.31060859580869,0.578923031463219,9.8895316272719,0.0985221674876847,1,0.901477832512315
"L6b","Sncg","Scn9a",6.19101621058967e-92,-2.21547392852417,0.0298906889921491,2.24536461751632,0.00246305418719212,0.512820512820513,0.995197044334975
"L6b","Sncg","Kcnq4",1.28271199614175e-43,-1.67395592170444,0.298936104779,1.97289202648344,0.083743842364532,0.501831501831502,0.833123584193305
"L6b","Sst","Kcnip1",0,-7.65753399189299,0.578923031463219,8.2364570233562,0.0985221674876847,0.989583333333333,0.900440757065077
"L6b","Sst","Cacna1g",4.78065665182134e-75,-2.17529837499497,0.720669738925105,2.89596811392007,0.199507389162562,0.671180555555556,0.702751536064057
"L6b","Vip","Kcnn3",1.01820427257533e-99,1.53962865834615,2.04275794062162,0.503129282275471,0.504926108374384,0.144308943089431,0.714197898076542
"L6b","Vip","Kcnip1",0,-7.36077171446895,0.578923031463219,7.93969474593213,0.0985221674876847,0.92310298102981,0.893270664798662
"L6CT","L6IT","Kcnab1",0,-5.16160761149887,0.779708028537251,5.94131564003612,0.168411037107517,0.9136460554371,0.815671466969836
"L6CT","L6IT","Cacna1g",0,-4.09786272472349,0.508560955264209,4.6064236799877,0.14081826831589,0.928038379530917,0.84826245183193
"L6CT","L6IT","Kcna3",2.35688252937359e-131,-2.34504899855967,0.253620439368275,2.59866943792794,0.0580399619410086,0.538379530916844,0.89219508059274
"L6CT","Lamp5","Kcnip1",0,-7.99283891156976,0.0464267180780996,8.03926562964785,0.00761179828734539,0.977886977886978,0.99221607562073
"L6CT","Lamp5","Kcnab1",0,-5.30659759398274,0.779708028537251,6.08630562251998,0.168411037107517,0.917936117936118,0.81653294405043
"L6CT","Lamp5","Kcna3",1.22851317232139e-198,-2.86292356217978,0.253620439368275,3.11654400154805,0.0580399619410086,0.581818181818182,0.900243815413892
"L6CT","Lamp5","Cacna1g",1.26911555169688e-175,-2.41809429216678,0.508560955264209,2.92665524743099,0.14081826831589,0.656511056511056,0.785505107767339
"L6CT","Lamp5","Kcnn3",2.88093001844421e-157,-1.39780136672942,0.19535354471031,1.59315491143973,0.0466222645099905,0.508599508599509,0.908332069296782
"L6CT","Meis2","Kcna6",4.19862959575739e-81,4.8962134508804,5.75406789353374,0.857854442653338,0.993339676498573,0.196428571428571,0.802254378762999
"L6CT","Meis2","Hcn1",4.77989166825543e-68,5.72357868316325,6.15702529550818,0.433446612344931,0.972407231208373,0.0535714285714286,0.944908442829186
"L6CT","Meis2","Scn1a",5.02638466657951e-62,4.45373065094779,6.1497992433943,1.69606859244652,0.962892483349191,0.25,0.740365612648221
"L6CT","Meis2","Kcna1",1.5662132723681e-59,5.50155598793891,7.1923909129204,1.6908349249815,0.991436726926736,0.267857142857143,0.729829311763093
"L6CT","Meis2","Kcna2",1.80071895576625e-57,4.33820687120185,5.11244179441568,0.774234923213835,0.892483349191246,0.160714285714286,0.819924611635699
"L6CT","Meis2","Cacna1a",2.29097352306667e-29,2.92709203360828,4.21624573991876,1.28915370631048,0.939105613701237,0.267857142857143,0.714774207555362
"L6CT","Meis2","Kcnip1",5.39165810216503e-132,-5.88591735198849,0.0464267180780996,5.93234407006659,0.00761179828734539,0.732142857142857,0.989603397461187
"L6CT","NP","Kcnd3",4.18299095637468e-131,3.78278230026131,3.89365702897089,0.110874728709583,0.764985727878211,0.0330578512396694,0.956786316352124
"L6CT","NP","Kcnip1",0,-6.26239442663373,0.0464267180780996,6.30882114471184,0.00761179828734539,0.87603305785124,0.991311060445577
"L6CT","Pvalb","Kcnd3",1.49804346583196e-203,2.91782239974419,3.89365702897089,0.975834629226702,0.764985727878211,0.221674876847291,0.710223512976987
"L6CT","Pvalb","Kcnip1",0,-6.85480823705996,0.0464267180780996,6.90123495513807,0.00761179828734539,0.918943125839678,0.991716790655145
"L6CT","Pvalb","Kcnab1",0,-6.63644710465726,0.779708028537251,7.41615513319452,0.168411037107517,0.944021495745634,0.821602539914096
"L6CT","Pvalb","Kcna3",3.72921149937982e-166,-2.57054982795942,0.253620439368275,2.8241702673277,0.0580399619410086,0.552619793999104,0.894973067249374
"L6CT","Serpinf1","Kcnip1",0,-10.2379553300145,0.0464267180780996,10.2843820480926,0.00761179828734539,1,0.992388201712655
"L6CT","Serpinf1","Kcnab1",4.67221802231808e-55,-4.24846642217675,0.779708028537251,5.028174450714,0.168411037107517,0.761904761904762,0.778960513796384
"L6CT","Serpinf1","Kcna3",6.8243982356087e-25,-2.61400341041628,0.253620439368275,2.86762384978456,0.0580399619410086,0.533333333333333,0.891175071360609
"L6CT","Serpinf1","Cacna1g",7.95001832862822e-21,-2.13728607318738,0.508560955264209,2.64584702845159,0.14081826831589,0.6,0.765302886140184
"L6CT","Sncg","Kcnip1",0,-9.84310490919381,0.0464267180780996,9.8895316272719,0.00761179828734539,1,0.992388201712655
"L6CT","Sncg","Scn9a",1.58221069313565e-117,-2.18270790329894,0.062656714217388,2.24536461751632,0.0180780209324453,0.512820512820513,0.964747859181732
"L6CT","Sncg","Kcnab1",9.97607636261845e-115,-4.12323262400309,0.779708028537251,4.90294065254034,0.168411037107517,0.816849816849817,0.793828640671067
"L6CT","Sncg","Kcna3",1.1826246153795e-88,-3.37504337245261,0.253620439368275,3.62866381182089,0.0580399619410086,0.714285714285714,0.918744053282588
"L6CT","Sncg","Hcn3",9.88684681296543e-86,-2.9681760783047,0.175475966624244,3.14365204492894,0.0390104662226451,0.67032967032967,0.94180405858589
"L6CT","Sncg","Kcnq4",1.07605065464068e-66,-1.81245493715577,0.160437089327673,1.97289202648344,0.0399619410085633,0.501831501831502,0.920367810982936
"L6CT","Sncg","Cacna1g",2.55303907401463e-23,-1.50795592798544,0.508560955264209,2.01651688324965,0.14081826831589,0.505494505494505,0.72142473007074
"L6CT","Sst","Kcnip1",0,-8.19003030527811,0.0464267180780996,8.2364570233562,0.00761179828734539,0.989583333333333,0.992308077520156
"L6CT","Sst","Kcnab1",0,-5.1794805946791,0.779708028537251,5.95918862321636,0.168411037107517,0.844791666666667,0.800647847566935
"L6CT","Sst","Kcna3",0,-3.54347150518687,0.253620439368275,3.79709194455514,0.0580399619410086,0.711111111111111,0.918381303520457
"L6CT","Sst","Cacna1g",1.09069525426177e-189,-2.38740715865586,0.508560955264209,2.89596811392007,0.14081826831589,0.671180555555556,0.790193164640578
"L6CT","Vip","Kcnip1",0,-7.89326802785407,0.0464267180780996,7.93969474593213,0.00761179828734539,0.92310298102981,0.991754117965415
"L6CT","Vip","Kcnab1",2.45893367561325e-276,-3.43712348521918,0.779708028537251,4.21683151375644,0.168411037107517,0.649728997289973,0.740798028393436
"L6CT","Vip","Cacna1g",7.77817542722226e-161,-2.18496755438397,0.508560955264209,2.69352850964818,0.14081826831589,0.567073170731707,0.751675311787033
"L6IT","Lamp5","Kcnip2",6.7998362091784e-229,2.68803763291585,3.50376000177494,0.815722368859093,0.674307036247335,0.168550368550369,0.750039137232813
"L6IT","Lamp5","Kcnip1",0,-7.87776053817923,0.161505091468624,8.03926562964785,0.0325159914712154,0.977886977886978,0.966748722289486
"L6IT","Meis2","Kcna2",3.02530870325191e-69,4.72537578892355,5.49961071213738,0.774234923213835,0.926439232409382,0.160714285714286,0.826524741081703
"L6IT","Meis2","Kcna6",3.57340407781821e-60,4.14765769723161,5.00551213988495,0.857854442653338,0.968017057569296,0.196428571428571,0.797081497797357
"L6IT","Meis2","Kcnab1",1.30099456349445e-53,5.55175318140194,5.94131564003612,0.389562458634177,0.9136460554371,0.0535714285714286,0.941365227537923
"L6IT","Meis2","Kcna1",9.88208899341328e-38,4.28651245984741,5.97734738482891,1.6908349249815,0.950426439232409,0.267857142857143,0.718171620863713
"L6IT","Meis2","Hcn1",2.69185929796585e-30,3.70486747963912,4.13831409198405,0.433446612344931,0.803304904051173,0.0535714285714286,0.933311214333112
"L6IT","Meis2","Cacna1g",6.5401830562442e-29,3.37748277595523,4.6064236799877,1.22894090403246,0.928038379530917,0.25,0.730614589316485
"L6IT","Meis2","Cacna1b",1.20177603775466e-23,3.10508086959455,4.51633065522219,1.41124978562765,0.920042643923241,0.267857142857143,0.708864426419467
"L6IT","Meis2","Kcnip2",1.77511666897263e-17,2.95945847069237,3.50376000177494,0.544301531082568,0.674307036247335,0.0714285714285714,0.894071146245059
"L6IT","Meis2","Kcnip1",7.70623633458202e-130,-5.77083897859797,0.161505091468624,5.93234407006659,0.0325159914712154,0.732142857142857,0.955587914088096
"L6IT","NP","Kcnd3",5.1170839598774e-158,3.92343452565136,4.03430925436094,0.110874728709583,0.807036247334755,0.0330578512396694,0.959037959758507
"L6IT","NP","Kcnip2",7.31365563153629e-96,3.07092096908127,3.50376000177494,0.432839032693669,0.674307036247335,0.09366391184573,0.861096048519692
"L6IT","NP","Kcnip1",0,-6.14731605324321,0.161505091468624,6.30882114471184,0.0325159914712154,0.87603305785124,0.962882688980971
"L6IT","Pvalb","Cacna1g",0,3.78548390619017,4.6064236799877,0.820939773797529,0.928038379530917,0.207344379758173,0.776577796423703
"L6IT","Pvalb","Kcnd3",2.08481882303609e-313,3.05847462513424,4.03430925436094,0.975834629226702,0.807036247334755,0.221674876847291,0.725322279415114
"L6IT","Pvalb","Kcnip1",0,-6.73972986366944,0.161505091468624,6.90123495513807,0.0325159914712154,0.918943125839678,0.964615882575427
"L6IT","Serpinf1","Kcnip1",0,-10.122876956624,0.161505091468624,10.2843820480926,0.0325159914712154,1,0.967484008528785
"L6IT","Sncg","Kcnip2",2.02975503801799e-53,2.56240400755798,3.50376000177494,0.941355994216961,0.674307036247335,0.201465201465201,0.701226309921962
"L6IT","Sncg","Kcnip1",0,-9.72802653580328,0.161505091468624,9.8895316272719,0.0325159914712154,1,0.967484008528785
"L6IT","Sncg","Scn9a",2.14951659021866e-120,-2.10744452247757,0.137920095038755,2.24536461751632,0.0330490405117271,0.512820512820513,0.935554371002132
"L6IT","Sst","Kcnip1",0,-8.07495193188758,0.161505091468624,8.2364570233562,0.0325159914712154,0.989583333333333,0.967141734934351
"L6IT","Vip","Kcnip1",0,-7.77818965446354,0.161505091468624,7.93969474593213,0.0325159914712154,0.92310298102981,0.964775336945678
"Lamp5","Meis2","Scn1a",5.46702632676696e-97,5.54395179263372,7.24002038508023,1.69606859244652,0.986732186732187,0.25,0.746638446215139
"Lamp5","Meis2","Hcn1",1.42028160351629e-94,6.70247429838527,7.13592091073019,0.433446612344931,0.977395577395577,0.0535714285714286,0.945189614307261
"Lamp5","Meis2","Kcna2",3.73952983160629e-82,5.15662023970131,5.93085516291515,0.774234923213835,0.941031941031941,0.160714285714286,0.829214845207012
"Lamp5","Meis2","Kcnab1",1.85732683508617e-56,5.69674316388582,6.08630562251998,0.389562458634177,0.917936117936118,0.0535714285714286,0.94163926277149
"Lamp5","Meis2","Kcna6",2.3747924620898e-45,3.57521900031912,4.43307344297246,0.857854442653338,0.896314496314496,0.196428571428571,0.780848605889724
"Lamp5","Meis2","Kcnn3",6.71552760081377e-16,1.49308145541718,1.59315491143973,0.100073456022543,0.508599508599509,0.0178571428571429,0.964889579020014
"Lamp5","Meis2","Kcna4",9.22810925750126e-08,1.774261740185,2.66075604685035,0.886494306665346,0.537100737100737,0.125,0.767268984446478
"Lamp5","NP","Kcnd3",3.21749200575004e-213,4.55240106987789,4.66327579858747,0.110874728709583,0.831941031941032,0.0330578512396694,0.960264189443162
"Lamp5","NP","Kcnn3",4.28909030871642e-77,1.45089521651449,1.59315491143973,0.142259694925241,0.508599508599509,0.0330578512396694,0.935002195871761
"Lamp5","Pvalb","Kcnd3",0,3.68744116936077,4.66327579858747,0.975834629226702,0.831941031941032,0.221674876847291,0.733544964923664
"Lamp5","Pvalb","Kcnn3",1.39258698309811e-287,1.54255416635589,1.59315491143973,0.0506007450838361,0.508599508599509,0.0188087774294671,0.963018490754623
"Lamp5","Pvalb","Kcna4",1.70600332313493e-199,2.29261039421603,2.66075604685035,0.36814565263432,0.537100737100737,0.0868786386027765,0.838245169664547
"Lamp5","Pvalb","Kcnip2",0,-6.08970226528514,0.815722368859093,6.90542463414424,0.168550368550369,0.945812807881773,0.8217930999181
"Lamp5","Serpinf1","Kcnn3",1.0207856884272e-23,1.37204908278544,1.59315491143973,0.221105828654287,0.508599508599509,0.0761904761904762,0.850195537152059
"Lamp5","Sncg","Scn9a",3.89321915757044e-125,-2.13918392913526,0.106180688381068,2.24536461751632,0.0304668304668305,0.512820512820513,0.940589680589681
"Lamp5","Vip","Kcnn3",6.33888437353434e-166,1.09002562916426,1.59315491143973,0.503129282275471,0.508599508599509,0.144308943089431,0.71626212638938
"Meis2","NP","Kcna6",7.96165564043525e-115,-6.13369392279741,0.857854442653338,6.99154836545074,0.196428571428571,0.994490358126722,0.802483181638306
"Meis2","NP","Kcna2",5.79295053652606e-77,-5.28402892180283,0.774234923213835,6.05826384501667,0.160714285714286,0.920110192837466,0.825331479897348
"Meis2","NP","Scn1a",1.11105750709505e-58,-4.53002782068509,1.69606859244652,6.22609641313161,0.25,0.928374655647383,0.730712166172107
"Meis2","NP","Hcn1",2.35556023577828e-43,-4.73801111608948,0.433446612344931,5.17145772843441,0.0535714285714286,0.856749311294766,0.937471290767111
"Meis2","NP","Kcna4",1.66603016943067e-07,-1.84242411399042,0.886494306665346,2.72891842065576,0.125,0.517906336088154,0.758643617021277
"Meis2","Pvalb","Scn1a",1.75017604734259e-148,-6.89873427107744,1.69606859244652,8.59480286352395,0.25,0.998656515897895,0.749663677130045
"Meis2","Pvalb","Kcna2",3.71942317491426e-140,-6.78610437320827,0.774234923213835,7.5603392964221,0.160714285714286,0.991043439319301,0.837833258020786
"Meis2","Pvalb","Hcn1",2.31330879251603e-124,-7.71076248530485,0.433446612344931,8.14420909764976,0.0535714285714286,0.997760859829825,0.946308348294434
"Meis2","Pvalb","Kcna6",9.88183691490495e-100,-5.37473217367581,0.857854442653338,6.23258661632914,0.196428571428571,0.984773846842812,0.800534333788085
"Meis2","Pvalb","Kcnab1",7.97327450864272e-85,-7.02659267456034,0.389562458634177,7.41615513319452,0.0535714285714286,0.944021495745634,0.943251897533207
"Meis2","Pvalb","Kcnip2",1.63761270774395e-74,-6.36112310306166,0.544301531082568,6.90542463414424,0.0714285714285714,0.945812807881773,0.924479166666667
"Meis2","Pvalb","Kcna1",1.30212602040852e-57,-5.33571208541776,1.6908349249815,7.02654701039926,0.267857142857143,0.957008508732647,0.7201099672438
"Meis2","Pvalb","Cacna1a",7.30811875307274e-30,-2.91347780362491,1.28915370631048,4.20263150993539,0.267857142857143,0.915808329601433,0.707518337408313
"Meis2","Serpinf1","Scn1a",9.99705747658657e-69,-5.66735710490428,1.69606859244652,7.36342569735079,0.25,0.990476190476191,0.747596153846154
"Meis2","Serpinf1","Kcna2",2.32875999412551e-49,-4.83545502313369,0.774234923213835,5.60968994634752,0.160714285714286,0.914285714285714,0.82421875
"Meis2","Serpinf1","Hcn1",3.0884212476184e-40,-5.25125916159771,0.433446612344931,5.68470577394264,0.0535714285714286,0.904761904761905,0.940789473684211
"Meis2","Serpinf1","Kcnab1",3.95013337887945e-26,-4.63861199207983,0.389562458634177,5.028174450714,0.0535714285714286,0.761904761904762,0.9296875
"Meis2","Serpinf1","Kcna1",1.99775992809275e-25,-4.241777373989,1.6908349249815,5.9326122989705,0.267857142857143,0.923809523809524,0.710051546391753
"Meis2","Serpinf1","Kcna6",2.13519485325596e-13,-2.26365378906398,0.857854442653338,3.12150823171732,0.196428571428571,0.714285714285714,0.725
"Meis2","Sncg","Kcna2",1.01149374859739e-82,-5.60445828465552,0.774234923213835,6.37869320786935,0.160714285714286,0.981684981684982,0.836287313432836
"Meis2","Sncg","Scn1a",1.35906998055971e-55,-4.50045960117761,1.69606859244652,6.19652819362413,0.25,0.967032967032967,0.741477272727273
"Meis2","Sncg","Kcna6",3.30454785596136e-39,-3.58740143682953,0.857854442653338,4.44525587948287,0.196428571428571,0.893772893772894,0.780225409836066
"Meis2","Sncg","Hcn1",3.64278683798474e-39,-4.58989402922214,0.433446612344931,5.02334064156708,0.0535714285714286,0.901098901098901,0.940548780487805
"Meis2","Sncg","Kcnab1",4.06543414771771e-31,-4.51337819390617,0.389562458634177,4.90294065254034,0.0535714285714286,0.816849816849817,0.934417040358744
"Meis2","Sncg","Cacna1b",5.92750715971213e-31,-3.87859141968736,1.41124978562765,5.289841205315,0.267857142857143,0.974358974358974,0.725093984962406
"Meis2","Sncg","Scn9a",2.52786493231519e-27,-2.20196797171249,0.0433966458038353,2.24536461751632,0,0.512820512820513,1
"Meis2","Sncg","Kcnq4",2.42511110400878e-16,-1.85418541691878,0.118706609564657,1.97289202648344,0.0178571428571429,0.501831501831502,0.964416058394161
"Meis2","Sncg","Hcn3",3.61672365398841e-11,-2.15192768385712,0.991724361071828,3.14365204492894,0.160714285714286,0.67032967032967,0.760245901639344
"Meis2","Sst","Kcna2",2.64939042660313e-119,-6.22754672719807,0.774234923213835,7.00178165041193,0.160714285714286,0.981944444444444,0.836330571832693
"Meis2","Sst","Scn1a",2.50805929319781e-94,-5.44334840155983,1.69606859244652,7.13941699400635,0.25,0.976041666666667,0.743863393810032
"Meis2","Sst","Kcna6",1.12505791835948e-83,-4.89530331613022,0.857854442653338,5.75315775878356,0.196428571428571,0.98125,0.799818016378526
"Meis2","Sst","Kcnab1",1.79314242260374e-54,-5.56962616458218,0.389562458634177,5.95918862321636,0.0535714285714286,0.844791666666667,0.936586225118901
"Meis2","Sst","Hcn1",1.45339249194939e-46,-4.62225735802839,0.433446612344931,5.05570397037332,0.0535714285714286,0.777777777777778,0.931122448979592
"Meis2","Vip","Scn1a",4.47731529903312e-73,-4.76920463215394,1.69606859244652,6.46527322460044,0.25,0.924457994579946,0.729571271528032
"Meis2","Vip","Hcn1",4.28748109682226e-56,-5.09234561317649,0.433446612344931,5.52579222552141,0.0535714285714286,0.842818428184282,0.936437758383096
"Meis2","Vip","Kcna2",4.92162309698584e-48,-3.88624922722788,0.774234923213835,4.66048415044172,0.160714285714286,0.767276422764228,0.790539262062441
"Meis2","Vip","Kcnab1",1.00129454358007e-26,-3.82726905512226,0.389562458634177,4.21683151375644,0.0535714285714286,0.649728997289973,0.917548041114256
"NP","Pvalb","Kcna4",1.92128167377834e-64,2.36077276802144,2.72891842065576,0.36814565263432,0.517906336088154,0.0868786386027765,0.832250288229745
"NP","Pvalb","Kcnip2",0,-6.47258560145056,0.432839032693669,6.90542463414424,0.09366391184573,0.945812807881773,0.900969926538108
"NP","Serpinf1","Kcnd3",3.94054137931285e-77,-5.23526922080109,0.110874728709583,5.34614394951068,0.0330578512396694,0.885714285714286,0.962676619568115
"NP","Sncg","Kcnd3",3.18153937153287e-170,-5.69645142832023,0.110874728709583,5.80732615702981,0.0330578512396694,0.952380952380952,0.965289256198347
"NP","Sncg","Scn9a",2.5069549990782e-60,-1.82322304545799,0.422141572058336,2.24536461751632,0.134986225895317,0.512820512820513,0.736776859504132
"NP","Sncg","Kcnq4",1.9119819871417e-39,-1.62530878920646,0.34758323727698,1.97289202648344,0.0743801652892562,0.501831501831502,0.851782590336008
"NP","Sst","Kcnd3",1.24715497912606e-212,-4.44378354282095,0.110874728709583,4.55465827153054,0.0330578512396694,0.809722222222222,0.959173837234027
"NP","Vip","Kcnd3",1.64163285715573e-110,-3.16426688452472,0.110874728709583,3.2751416132343,0.0330578512396694,0.589092140921409,0.943883394560377
"Pvalb","Serpinf1","Kcnip2",7.23351015557936e-102,5.51845390574046,6.90542463414424,1.38697072840377,0.945812807881773,0.276190476190476,0.707986111111111
"Pvalb","Serpinf1","Kcnd3",1.54917088954931e-66,-4.37030932028397,0.975834629226702,5.34614394951068,0.221674876847291,0.885714285714286,0.74972191323693
"Pvalb","Sncg","Kcnip2",1.49801519133173e-278,5.96406863992727,6.90542463414424,0.941355994216961,0.945812807881773,0.201465201465201,0.786992521367521
"Pvalb","Sncg","Kcnd3",1.96809133977598e-190,-4.83149152780311,0.975834629226702,5.80732615702981,0.221674876847291,0.952380952380952,0.767241379310345
"Pvalb","Sncg","Kcnq4",3.67746895315452e-79,-1.86942263191128,0.103469394572161,1.97289202648344,0.0264218540080609,0.501831501831502,0.947349152232112
"Pvalb","Sst","Kcnd3",0,-3.57882364230383,0.975834629226702,4.55465827153054,0.221674876847291,0.809722222222222,0.726233428250344
"Sncg","Sst","Kcnq4",2.22880811120334e-55,1.53408561218192,1.97289202648344,0.43880641430152,0.501831501831502,0.113888888888889,0.773053527980535
