Cell_id,area.all,area.apical_dendrite,area.axon,area.basal_dendrite,length.all,length.apical_dendrite,length.axon,length.basal_dendrite,soma_radius,soma_suface,taper_rate.all,taper_rate.apical_dendrite,taper_rate.axon,taper_rate.basal_dendrite,volume.all,volume.apical_dendrite,volume.axon,volume.basal_dendrite
483101699,3948.6165211825237,2109.5772610403765,58.65441624044485,1780.3848439017058,2859.2044264933243,1251.131489819099,37.81823808562921,1570.2546985885965,5.2911,351.8048345358069,0.050281133057219096,0.06285901268778171,0.053488217630516484,0.04018951186412512,504.6236328333568,321.4132564713855,7.98951331084521,175.22086305112697
320668879,5404.673791375812,1780.115261085624,16.009508967230968,3608.549021322941,4255.476916125707,1292.6647173547883,10.320760293261344,2952.4914384776575,7.9007,784.4061802586723,0.04146378248963968,0.04692297611146226,0.05893099396849429,0.03896696259734245,593.379256490792,212.4289732674021,2.087419997574796,378.8628632258156
468193142,3480.4540104564494,1294.7838397489693,28.309465776357023,2157.3607049311327,3012.2466900253658,1137.2577978834825,22.23968730170866,1852.7492048401746,5.1205,329.48420879219526,0.02994791617914948,0.02915233171492806,0.0285566057931661,0.030465994214282192,347.30466090309943,129.1049203852364,2.9873079902888864,215.21243252757344
313862306,3790.794758840891,0.0,0.0,3790.794758840891,2528.3988069690954,0.0,0.0,2528.3988069690954,5.1218,329.6515298912618,0.04081429181657657,,,0.04081429181657657,516.4367933064497,0.0,0.0,516.4367933064497
515524026,5437.385501598716,3025.9415606557905,72.19770364366639,2339.246237299255,2986.9972966314303,1456.175720510707,29.727036158536723,1501.0945399621867,5.5455,386.44819510561604,0.058751122311683376,0.058883565079603545,0.07818962307194835,0.058242810002413645,969.8331621435997,626.6568423996969,14.693166075235336,328.48315366866694
565866518,15256.573364606878,0.0,11084.575719735709,4171.997644871231,17933.801215627223,0.0,15306.651962418953,2627.1492532082725,5.7071,409.29913676879835,0.0005636746787170968,,0.00039249300279975776,0.0015504822802475935,1175.8636546899936,0.0,643.2640600729497,532.5995946170422
318331342,1966.228972248828,0.0,14.816741964562768,1951.4122302842652,1276.376720300556,0.0,6.191154865650452,1270.1855654349056,5.1972,339.42882722032743,0.047184843411487196,,0.08455528878014563,0.04703231098141104,260.40083792397667,0.0,2.9414315593034623,257.4594063646732
481001895,2146.159281362131,0.0,0.0,2146.159281362131,1954.4499770247503,0.0,0.0,1954.4499770247503,5.3254,356.3808275012248,0.023992269220031504,,,0.023992269220031504,202.11188568331283,0.0,0.0,202.11188568331283
484635029,1986.9354426741654,0.0,10.613459024731368,1976.3219836494343,1963.8991225147543,0.0,6.823649962297576,1957.0754725524566,7.2999,669.643543263767,0.019629429263385286,,0.05081716502281996,0.019519677700595484,173.01245934459678,0.0,1.3748994835705703,171.6375598610262
354833767,4695.481247587698,1902.6653026158313,31.46683659263079,2761.3491083792387,2493.6550176645023,928.507079535871,10.801869300851358,1554.34606882778,7.2238,655.7545172803034,0.06694231037564159,0.06179645728051844,0.060146469883402144,0.07002937362759232,814.7654295763207,358.0190771993225,7.329228763679178,449.417123613319
484742372,2122.816302310777,0.0,7.48508257845835,2115.3312197323185,1773.7297693121868,0.0,8.211518230945778,1765.518251081241,6.1141,469.7588159535287,0.03257804530597988,,0.023499563455084218,0.0326206101907463,222.51298540262258,0.0,0.5464396210874365,221.96654578153516
320207387,6004.790266351228,3143.12065258135,17.7435237648615,2843.9260900050144,3821.7303765101287,1828.9428876563948,10.59047860399238,1982.197010249742,7.5217,710.954618070936,0.05452455523258989,0.061751453047782075,0.10481491251204508,0.04764927405513413,876.338539471589,508.8153880450235,2.5529281979225296,364.970223228643
479220013,1707.388473173512,0.0,49.47820389884283,1657.9102692746696,1528.478732548336,0.0,37.44909051565857,1491.0296420326774,5.7181,410.8784430417733,0.02898947799827102,,0.03557064551011071,0.028821403488790677,162.09509643184774,0.0,5.313395978067165,156.78170045378047
488683425,8022.665526590194,5063.689160348737,67.92345858747959,2891.0529076539724,5547.574165679405,3605.622045639853,57.337816590656345,1884.6143034488964,6.9553,607.9132341125944,0.04135961638604123,0.03844335917589754,0.031917576339462156,0.047191929918554934,1087.6156411265886,672.3169252583145,6.9130723881209555,408.38564348015655
574993444,13860.866099229983,0.0,9833.419459384435,4027.4466398455443,16160.110109189525,0.0,13680.396105393891,2479.714003795635,6.3514,506.9309337971074,0.0002906060661168679,,0.0,0.001876876024962812,1091.6136484672097,0.0,562.4715930767876,529.1420553904255
580010290,5904.098675195881,3041.5963914385497,93.28014483336963,2769.2221389239467,3288.174642742088,1782.840564123153,123.9378719006063,1381.396206718329,6.3761,510.8814143023656,0.00324926810720202,0.0024476913975453114,0.013647053219601371,0.003337757997574691,887.7345972217211,426.38162948009676,6.387299602815816,454.9656681388084
466664172,1001.9242809182192,0.0,15.569722231830632,986.3545586863885,873.3116697236765,0.0,14.340778756484436,858.970890967192,7.3222,673.7410952928199,0.0321812490031789,,0.024105831994941377,0.03231011204054439,98.49560910363677,0.0,1.3616679995117258,97.13394110412501
555341581,7029.491064656314,0.0,6031.342563280493,998.1485013758207,9086.552135981517,0.0,8390.26913761576,696.282998365758,4.4084,244.21472789291758,0.00016149975335249378,,3.0037476679690346e-05,0.0017449530326111027,459.3062610532636,0.0,345.0354985097773,114.27076254348626
580162374,20410.20595919989,0.0,0.0,20410.20595919989,22795.45423562616,0.0,0.0,22795.45423562616,6.7745,576.7191311614004,0.00032302397994977343,,,0.00032302397994977343,1807.111111782846,0.0,0.0,1807.111111782846
341442651,11996.202362446871,0.0,8094.252630989247,3901.949731457614,10967.127451975979,0.0,8316.575044444031,2650.5524075319518,7.2706,664.278762984797,0.025888769065984037,,0.01883389265870107,0.047595345413561856,1188.1338520330833,0.0,668.3063254511347,519.8275265819493
486239338,5074.317616361983,1996.6833537096797,55.65154621659775,3021.9827164356943,3240.8508195346617,1160.3609572056566,22.139105551991545,2058.350756777013,5.1313,330.8755503094496,0.045460140059767326,0.045542702513940624,0.11888019942393385,0.04465517723083789,744.6698842415889,336.98296642710505,12.114925814889661,395.57199199959325
579662957,7230.049298870272,0.0,5874.543921719917,1355.5053771503578,8871.227240938988,0.0,8079.189983693685,792.0372572453039,5.7539,416.0394212938012,0.0008782573827538275,,0.00047537573225686695,0.004985611828519715,545.6818532567543,0.0,343.3258719264565,202.3559813302971
327962063,2722.93342590243,0.0,360.3294241685533,2362.6040017338805,2466.225827209114,0.0,399.85609797936183,2066.369729229752,5.0748,323.6292199247621,0.02907814548047189,,0.011390179068925985,0.0324888295867341,258.78811835316736,0.0,26.522115486324694,232.26600286684263
562632795,12944.69466240013,0.0,0.0,12944.69466240013,15642.303731516102,0.0,0.0,15642.303731516102,6.1342,472.8525411651654,0.0006582512169297089,,,0.0006582512169297089,984.4870026586225,0.0,0.0,984.4870026586225
560678143,14351.676807826927,9373.952370846622,59.8772634228712,4917.84717355739,7281.6939015895,4625.584896666904,83.30211934060745,2572.8068855819884,6.864,592.0582180447427,0.007534371919885022,0.009773905001512918,0.0,0.0038100602008992865,2466.454108129043,1688.8777034313853,3.424979467788234,774.1514252298647
480003970,9408.056025785054,8057.797103861966,0.0,1350.258921923086,6193.001082698359,5120.480051363731,0.0,1072.5210313346272,5.9648,447.09687740527096,0.04062092020392213,0.044427980481640345,,0.022353859678547718,1447.6585603203384,1286.9604240690892,0.0,160.69813625125062
469610831,3286.9755614982646,0.0,85.93421714568531,3201.0413443525777,2464.159707095351,0.0,60.55325487672554,2403.606452218626,8.059,816.1541167150505,0.04616141842199846,,0.04303206860464178,0.046238721665428126,385.01370648193,0.0,10.754831005119092,374.25887547681106
574067499,14635.155036640619,0.0,9762.073336542364,4873.0817000982715,17670.54533335965,0.0,15464.37451144914,2206.1708219105076,8.2345,852.0877697257391,0.002346365746166113,,0.001888578233013427,0.005484990247791856,1447.7952314463623,0.0,499.3780121432774,948.4172193030874
475542743,1845.6116232738252,0.0,7.4907586500656205,1838.1208646237596,1704.6577093374547,0.0,8.025965870158052,1696.6317434672967,5.7502,415.504531592318,0.02739794228660069,,0.028044973996113172,0.027394896407672252,170.5396343800694,0.0,0.5669172650407996,169.9727171150286
313862022,5563.158456257207,2884.002368644111,46.97991613539114,2632.176171477712,3521.6937825464056,1712.9533285180958,23.603751915336513,1785.1367021129736,7.2343,657.662218631588,0.05845610460081008,0.058876483873667305,0.0360872516880727,0.058353427112886096,816.9027407544779,454.61525847495443,7.6294878711770355,354.6579944083471
486896849,26548.390747128393,0.0,0.0,26548.390747128393,21052.03813515114,0.0,0.0,21052.03813515114,8.8944,994.129994621933,0.03252319234362219,,,0.03252319234362219,3186.0628332079013,0.0,0.0,3186.0628332079013
578938153,5239.003548240512,3809.6362889745005,32.32412019025617,1397.0431390757535,3115.266161186707,2227.73379235711,44.53204335070587,843.0003254788915,7.5395,714.3235283264623,0.0022905455664037344,0.002027056002236792,0.0038981795040259762,0.0029018159490048663,728.8016548127464,540.9215427127538,1.8755731773621545,186.00453892263067
479704527,6043.714699160046,1911.5257787071355,119.79907777002015,4012.3898426829032,5605.141990740937,1935.7178581373864,115.62445590318866,3553.7996767003624,6.1419,474.0403895368671,0.025087503984872944,0.017089486114606336,0.022667993943460415,0.029371598271352422,560.2867535273306,158.55108145835953,10.792754606109765,390.94291746285955
488504814,7368.326137951138,0.0,3491.4208370939814,3876.905300857148,5463.984947628529,0.0,3061.052965957048,2402.931981671481,6.292,497.4933637737075,0.03597905834572593,,0.02766678619123642,0.046464131029444244,922.4970575227958,0.0,356.62741607313234,565.8696414496649
475622680,1974.1895084908163,0.0,18.181809497964203,1956.0076989928518,1799.1071881890466,0.0,16.578259168760724,1782.528929020286,6.0619,461.77179164058583,0.02845986599007185,,0.04191647107613616,0.028336167716135605,185.47318823554414,0.0,1.6408591116462665,183.83232912389784
522152249,5246.0278263304,3328.4519243509494,84.47498560271458,1833.1009163767349,2661.3241962099896,1719.3882741405955,38.46522265099918,903.4706994183953,5.2281,343.4769800925132,0.059530699124229584,0.055359701987833076,0.08097485930253485,0.06646750055757335,918.1598152146748,581.4921824464839,16.39041188054772,320.2772208876429
509515969,9117.721564675227,0.0,6523.551043638871,2594.1705210363557,8291.402086843835,0.0,6496.6841071361105,1794.7179797077247,5.1952,339.1676377203821,0.028622817341788596,,0.023861954389360146,0.045991150705277574,914.9405411561511,0.0,567.2934716016797,347.6470695544702
324257146,1319.8497113136102,0.0,22.767911065758092,1297.0818002478522,1152.5244213399956,0.0,24.02071962904155,1128.503701710954,2.9744,111.17537649951282,0.03569910153562203,,0.026712475810771408,0.03591055155267734,129.0650495238426,0.0,1.757518673751632,127.307530850091
536306115,10321.865950929303,0.0,6476.515964751495,3845.349986177801,11729.96449043762,0.0,8955.751612540442,2774.2128778971787,4.8048,290.10852684192395,0.0009487806682007836,,0.0004566051462120842,0.002539675930765841,817.469961804399,0.0,374.63286880858374,442.8370929958152
473011949,6941.99189197107,0.0,67.27051232897675,6874.721379642094,5684.052456938037,0.0,57.84318943723327,5626.209267500803,12.9733,2115.0020177861593,0.03547037954008452,,0.03665736732865193,0.03545795555234569,742.0239504606719,0.0,6.695467035865772,735.3284834248062
478396248,1975.6060723555102,0.0,0.0,1975.6060723555102,1755.7525274610155,0.0,0.0,1755.7525274610155,5.7419,414.30589549409865,0.030278971817511307,,,0.030278971817511307,189.96092345746453,0.0,0.0,189.96092345746453
571396942,15200.089750506593,0.0,11916.118598824354,3283.9711516822354,18296.684320717733,0.0,16577.877425456027,1718.8068952617068,5.515,382.2089896691224,0.00030645428961706146,,0.0,0.003258027274543912,1208.2800580257724,0.0,681.6019838527538,526.678074173023
333604946,7933.079873202023,0.0,0.0,7933.079873202023,8040.839629476692,0.0,0.0,8040.839629476692,6.9666,609.8901437447277,0.01642383551260494,,,0.01642383551260494,670.4998664495804,0.0,0.0,670.4998664495804
513510227,13352.74050118667,3930.567887120516,3002.7813654517686,6419.391248614353,8894.799570545232,1936.7568347138795,4080.07924256385,2877.963493267502,7.2051,652.3638537575977,0.037182263468624285,0.06588741272214801,0.0010581980503984133,0.06896530630657866,2178.7856470237703,730.0818331551026,183.11539290521407,1265.5884209634492
322197160,4356.6103737868425,0.0,41.36260005339091,4315.247773733453,3565.6786099350466,0.0,34.904614656945185,3530.773995278101,8.0202,808.3142978834136,0.03619754941305151,,0.045555432856955014,0.0361044782395588,462.83391956048297,0.0,4.385128540091382,458.44879102039164
469704261,2592.1916940756983,933.7406948863145,50.257037093242495,1608.1939620961411,1742.7526938875687,560.2041181570503,52.56437455053664,1129.9842011799817,4.5485,259.9837849592186,0.06642929269671792,0.06582964182372553,0.024184430573680582,0.06861799397416371,352.4445506307181,141.88831639643115,3.9009835879837893,206.65525064630305
574992320,15603.38696475201,0.0,10991.630538253568,4611.756426498416,17893.768040809166,0.0,15242.556040536083,2651.212000273083,6.1384,473.5002737331729,0.00041937429303847383,,0.00011891958822684511,0.002118673742634086,1279.7589570657067,0.0,632.6405896649475,647.1183674007592
395830185,4227.902487279969,1389.6644464903059,110.80912891493155,2727.4289118747315,3673.1319106715778,1158.3527619658912,90.51879027882546,2424.260358426861,5.4428,372.267065847841,0.02387000177397961,0.024255967901227353,0.03293514426535548,0.023338796912455377,413.5870675822935,143.98081127842102,11.227918733514677,258.3783375703587
386970660,4686.749070932257,2312.18175180283,0.0,2374.5673191294118,2458.321806669208,1148.9307018248578,0.0,1309.3911048443497,6.238,488.99070608861985,0.0671619968529577,0.06511308856197918,,0.06893126411734597,803.2059997239638,433.37783273828137,0.0,369.82816698568155
480353286,4705.473647419951,3140.101052819773,32.29690156756787,1533.0756930326042,3423.375603832974,2279.429594150397,26.459832721378085,1117.486176961198,6.2905,497.25618923632464,0.03952391306233512,0.03673191974692235,0.036130463452166854,0.045289919163485556,587.3875727011166,394.6867778733764,3.241429454873594,189.45936537286534
324493977,10903.481963703849,0.0,7154.994859974482,3748.487103729291,13100.598193651127,0.0,9939.596362004397,3161.001831646732,6.3371,504.6508217694813,0.007557285199914194,,0.00013122953816800613,0.03094728621719073,798.6830506392646,0.0,412.97720106410395,385.7058495751598
560965993,5410.840972058473,0.0,2360.2159651653647,3050.6250068930945,5027.3566074576665,0.0,3276.467581289228,1750.8890261684382,6.1776,479.5671566162417,0.0021206021355572708,,0.0005213399594025302,0.005144173645777341,583.2933048893619,0.0,136.32611407088527,446.96719081847715
474626527,8010.015938597818,0.0,0.0,8010.015938597818,8776.383284403862,0.0,0.0,8776.383284403862,6.0149,454.63899904271767,0.009951728236586448,,,0.009951728236586448,610.1278893888856,0.0,0.0,610.1278893888856
475549284,18999.475944190668,0.0,14575.09905855349,4424.376885637153,16420.849996566292,0.0,13869.84901368637,2551.0009828799252,6.578,543.747912058453,0.023427863099737437,,0.025822495502031168,0.010261295859314195,2010.5574019316798,0.0,1315.467703346877,695.0896985848053
556923554,9466.802240032446,0.0,0.0,9466.802240032446,9316.633029790974,0.0,0.0,9316.633029790974,8.008,805.8570190053441,0.0011494619589611564,,,0.0011494619589611564,1035.0002147484752,0.0,0.0,1035.0002147484752
485835055,10858.922561826666,7020.998614612288,309.46723843406664,3528.45670878031,6901.046320425609,4525.318721482952,153.47203313009038,2222.2555658125666,6.7223,567.8657088760089,0.050087387232109135,0.049550118326221734,0.0596738781659551,0.050495288001074605,1586.5730958536117,1029.099592194856,53.634881147773356,503.83862251098043
487667205,1620.577811831603,0.0,24.352982289849834,1596.2248295417533,1531.9191931827584,0.0,28.709537037529017,1503.2096561452292,6.1742,479.0394178079565,0.021785307401210374,,0.0016005664012146703,0.02218077646468991,147.6136546640952,0.0,1.6466689973820947,145.9669856667131
614777438,19709.390891058993,0.0,14929.160643088828,4780.23024797023,23555.32323429176,0.0,20769.665319585343,2785.6579147064185,8.2119,847.4169925223517,0.00019930768522464403,,0.0,0.0016677605891731576,1517.7835625919336,0.0,853.947988784681,663.8355738072554
485931158,4257.513534613355,2256.5746406045896,85.19170602873649,1915.7471879800269,2682.8127397735157,1283.335954858484,46.46832157843408,1353.008463336598,5.4782,377.12526745301244,0.058870608201026256,0.06447053241581908,0.06391900063375838,0.053439140061306754,627.0047201532944,372.2067624879201,13.876098953660252,240.9218587117143
502978383,4111.664135635295,1091.9465809788426,50.85882223958306,2968.858732416866,2109.2237987259564,562.2451415649352,20.884926693702134,1526.093730467319,5.148,333.0327476501678,0.06562375613106312,0.0768861414480507,0.06974422892031625,0.06135500233773267,708.8776705302972,184.51391837392322,10.246559373906642,514.1171927824672
318808427,2981.824315299731,1146.2805247748975,42.01409620158764,1793.5296943232495,1755.3649921036483,661.7879487340784,23.457616682001856,1070.119426687568,6.4406,521.2697457476878,0.043441018096755046,0.04242293724733598,0.04770146103803012,0.043977183025585384,444.70384342194353,174.23205175155974,6.276624706489037,264.1951669638944
485909730,3098.5079873969426,1460.8547108663147,25.7504561006661,1611.9028204299632,2311.01554411454,1009.4762927942286,15.050578701107067,1286.4886726192037,4.862,297.05698787314356,0.04827344987123247,0.055708979774497576,0.05658247726980203,0.04239634600970308,377.82891943144426,196.08750936595465,3.6352696970906972,178.10614036839976
485836906,4295.261059624153,2721.575647638604,22.32731578232701,1551.3580962032188,2425.607723267387,1478.523718034765,10.707896898356315,936.3761083342658,5.6234,397.3816577188085,0.052267235862946654,0.055168989836587634,0.09567398533055152,0.04719239776229735,701.4872172550466,463.9856429050271,3.9831157032111335,233.51845864680826
521409057,6681.410636070584,3424.7974338547906,12.627846574853585,3243.985355640937,4456.593613134743,2299.3974877307046,15.254648148301438,2141.9414772557375,6.8862,595.8941584694613,0.052911146379639985,0.05071203158214442,0.006041182765066794,0.05557293236329944,944.5039817821119,505.36177936302596,0.8346369326904061,438.3075654863934
554807924,6427.132038730822,0.0,0.0,6427.132038730822,5840.7578885531875,0.0,0.0,5840.7578885531875,4.6981,277.3667368566196,0.0013622648084189463,,,0.0013622648084189463,675.990255491722,0.0,0.0,675.990255491722
484559000,2606.446804191599,1236.748756816629,19.68021056109783,1350.0178368138647,2441.944970412678,1166.7905216116974,16.06127213277281,1259.0931766682077,6.292,497.4933637737075,0.026011172767913517,0.02310771427530996,0.041376342831264186,0.02854159446021629,236.62372016717276,112.9463776302812,2.026720444339724,121.65062209255224
482690728,1658.2545299714625,0.0,39.80819131412424,1618.4463386573386,1517.4915885452283,0.0,31.789923680546668,1485.7016648646816,5.7994,422.6452500514601,0.028590812174000314,,0.034744183116779855,0.02845858317446246,153.7878072541344,0.0,4.429278960573996,149.35852829356054
486052980,7276.182187809434,4924.226337505307,111.3544044841015,2240.6014458200234,4291.473243508307,2776.9580438652565,53.387773510123886,1461.1274261329258,8.4599,899.373988889253,0.042049613533065765,0.047246184211597354,0.05848745165533513,0.03177902454639005,1167.378600688865,826.9331526679781,19.90213116144589,320.54331685943885
580005568,3713.296225773277,2402.4930899099,12.324318365998495,1298.4788174973733,2123.991949090776,1336.2313106262504,17.14577087575954,770.6148675887664,4.9389,306.52812581404714,0.002277427664833444,0.002024514143510537,0.0,0.0027482479300175704,552.0774455648609,373.37703854385774,0.7049510105351139,177.9954560104672
486146717,5980.9634214661,2640.201098353818,29.750676115603216,3311.0116469966943,3498.695413822945,1304.6598405554614,13.751123511907286,2180.284449755576,5.2393,344.9501970435231,0.05311157052909996,0.0549567318626547,0.07483958192840212,0.05189089397874759,992.4511440908199,539.1458136922587,5.220615214252557,448.08471518431077
475585413,7848.08606985508,0.0,6402.682082087888,1445.4039877671917,8180.321029358012,0.0,6691.860605369544,1488.460423988467,5.9334,442.40203761277655,0.01648581449413405,,0.015917542178585237,0.019007355624273324,637.7641709561976,0.0,517.9304756007083,119.83369535549011
567952169,32661.43026776018,0.0,25806.883822525757,6854.546445234392,38064.53146690365,0.0,34576.42802842317,3488.10343848048,7.1352,639.7674875935733,0.0009415113168829655,,0.000752341634212765,0.0028097193647447635,2714.6645291765353,0.0,1582.5722875014023,1132.0922416751157
566541912,14791.316340323561,0.0,12874.009880165328,1917.3064601582469,18498.035285718317,0.0,17364.61384935429,1133.421436364028,5.4541,373.81442551644915,0.0019881950310446793,,0.0019101510681244509,0.003179346017932797,1045.91124843975,0.0,780.141270854954,265.76997758479575
476751360,1732.3416353714258,0.0,8.224118689084651,1724.1175166823414,1157.0486563159634,0.0,9.08522789366956,1147.9634284222939,4.2387,225.77467392421707,0.06121726197209437,,0.030883021789257357,0.06145777130952024,232.47982969840683,0.0,0.6055477514275039,231.8742819469793
471800189,3318.158471521757,2001.2569536852131,44.20410264001199,1272.6974151965353,2747.4984811665618,1643.644275774059,51.81554798665819,1052.0386574058443,6.6519,556.0339220435213,0.037866795745943566,0.03762828855059526,0.0017604779519558302,0.0400421677640891,350.23136522456156,215.54194502335199,3.004420713952514,131.68499948725633
574059157,12214.957428167669,0.0,8635.840932683666,3579.1164954839896,13611.227572211359,0.0,11909.79103745705,1701.4365347543103,6.1547,476.01829203794284,0.0005519637034484421,,0.0002501791508509081,0.002728496438364084,1109.1739121114795,0.0,502.3600083911533,606.8139037203254
521938313,3921.7575251054172,1406.398168179297,38.36966377348603,2476.9896931526387,2195.6421886488515,851.6225424608415,18.321645899524288,1325.6980002884861,5.8395,428.510225162293,0.07292992137659197,0.07779780084932496,0.11948463742348409,0.06916308197898188,625.7414248864401,214.9647460713847,7.316661273449939,403.4600175416061
478793814,994.0126404640855,0.0,25.0539534483035,968.9586870157821,1039.110506502976,0.0,13.757070693607409,1025.3534358093684,6.0439,459.0335241916863,0.02018581474484774,,0.04930545198019424,0.019790077885477233,84.141058740738,0.0,3.7475362241892536,80.3935225165488
488117124,6794.888581282961,3773.050855734104,76.44132563375416,2945.396399915093,4415.546937858528,2345.534176673556,57.96365122851295,2012.0491099564583,6.4681,525.730672227301,0.0480468174103811,0.04957888977701859,0.033874278470868435,0.04668515160334063,976.3775022016864,578.5787259814367,9.515422780351331,388.28335343989966
565209132,9892.514621230015,0.0,0.0,9892.514621230015,10264.078930441221,0.0,0.0,10264.078930441221,6.925,602.6281567932281,0.0012508196288491319,,,0.0012508196288491319,908.8840861720973,0.0,0.0,908.8840861720973
602822298,6653.76487165101,3301.2519167797436,63.70842756105295,3288.8045273102007,3527.976689620785,1759.543026782244,68.50806293531399,1699.9255999032268,6.7856,578.6105849494626,0.003029914631026194,0.002365504049561437,0.023301912050823735,0.002916418410653858,1033.3623658897097,503.52200637888996,10.317487130881558,519.5228723799372
475068599,11897.575345849458,0.0,9066.023264208563,2831.5520816408866,14360.416503169605,0.0,11990.32328883374,2370.0932143358623,6.4423,521.544960950867,0.006525662248225065,,0.0023509623168120742,0.027538249371925862,880.1947224821854,0.0,573.4694385555936,306.7252839265922
487601493,5356.776849207019,3054.242391294903,7.531500027335918,2295.002957884765,3496.924178964483,1858.86478975754,7.742614525242195,1630.3167746817007,6.2204,486.23530514736973,0.05064286235898268,0.05197813382464909,0.03790209317762123,0.04918316023569384,780.2216127641357,486.52118615300856,0.5905846417576941,293.10984196936835
584254833,11294.711111852117,3804.137013165565,4097.047300953189,3393.5267977333415,9915.98596062271,2318.1720366779855,5656.782655038945,1941.0312689057787,6.3538,507.31411360173837,0.0016542641879137112,0.0016524143554031035,0.0004998467221088475,0.004998195109696791,1246.4249666488734,516.2545129597971,238.15077699888434,492.01967669019587
482516216,2361.766487489152,0.0,0.0,2361.766487489152,2543.0584863453687,0.0,0.0,2543.0584863453687,5.5725,390.2204436348581,0.010732462552051061,,,0.010732462552051061,184.00285787428257,0.0,0.0,184.00285787428257
485058595,1224.8219253670106,0.0,66.27207830315447,1158.549847063855,1170.2544717923254,0.0,64.88488923315276,1105.3695825591726,5.2774,349.9853692124283,0.02165953118151784,,0.01988847327561192,0.021766243972888493,109.05958548982436,0.0,5.570067580153719,103.48951790967068
564349611,14671.055902365037,0.0,0.0,14671.055902365037,18353.789995216153,0.0,0.0,18353.789995216153,5.4912,378.9172595486354,0.0002915208422107211,,,0.0002915208422107211,1046.112908809037,0.0,0.0,1046.112908809037
565855793,11228.809483269839,0.0,0.0,11228.809483269839,9949.86003822474,0.0,0.0,9949.86003822474,6.4468,522.2738223845517,0.0013626886383363728,,,0.0013626886383363728,1313.4116580609143,0.0,0.0,1313.4116580609143
515249852,9131.163549739527,6542.767622214504,122.15974343783971,2466.236184087176,5649.509215703026,4271.808206010712,52.757974359345006,1324.943035332969,8.008,805.8570190053441,0.057223465127023795,0.05317456675870085,0.07944024802278356,0.06909443304805314,1452.4629722403954,1010.599804000064,24.094554334524517,417.768613905807
584872371,5748.8489033248015,0.0,0.0,5748.8489033248015,4211.667301764178,0.0,0.0,4211.667301764178,4.9043,302.24833766064546,0.001209795445951565,,,0.001209795445951565,878.7553118301331,0.0,0.0,878.7553118301331
487661754,10709.343592758214,3615.7855266979423,3446.873978562919,3646.6840874973573,8628.17524271528,1933.9356196666981,4731.330495169583,1962.9091278789997,6.4109,516.4732934027597,0.021365491178673916,0.042206757099158235,0.000585246342218378,0.0512817093960215,1451.213662163906,626.4582192761095,205.25489786312207,619.5005450246739
476087653,3804.3204716707155,1332.6809956798918,0.0,2471.639475990826,2027.271640201465,688.9629304914729,0.0,1338.3087097099924,5.6055,394.8558510288593,0.07058087033418407,0.07388606983775453,,0.06889116557933633,653.5858581324978,243.7310858241272,0.0,409.8547723083693
485466109,2447.356304529853,0.0,43.545869171569095,2403.810435358285,2195.067491242764,0.0,40.64956211683616,2154.417929125928,6.758,573.9132333908099,0.029301807614306424,,0.023030791621204028,0.02941899157573652,231.79294410357147,0.0,3.8596790825928444,227.93326502097852
473543792,6111.260323453364,0.0,4274.793769987453,1836.4665534659014,7222.438419498696,0.0,5572.249455972036,1650.1889635266607,6.7567,573.6924534431855,0.008953395956142144,,0.0035182527836426945,0.026757527702961355,455.6645821544733,0.0,275.3637191239052,180.3008630305675
534141324,10053.514159681441,0.0,5025.63432780397,5027.879831877472,10179.26344190199,0.0,6991.735048608873,3187.528393293119,6.6079,548.702309356341,0.0005670265938147509,,2.9820338557258457e-08,0.0018235065190845589,938.1467174887628,0.0,287.4663036454216,650.6804138433386
471758398,3762.912252689099,1842.2877492170303,91.17206604070827,1829.4524374313603,2566.979452204899,1198.7908181678508,50.640496557722514,1317.5481374793255,6.7147,566.5824160292258,0.04461577479255814,0.04585724867156231,0.04537626764171111,0.043500510138102425,507.653607106766,269.0745628409296,13.976999427051041,224.60204483878522
478586295,5723.053467626862,3701.70927129831,203.7239966762498,1817.6201996523077,2837.032809360009,1756.9006451057633,77.83375309932947,1002.298411154916,6.2842,496.2606736907691,0.06286882286775143,0.06323608722476541,0.054332358894826696,0.06290037706026672,1047.485482268369,709.1203439865708,44.43259772608445,293.9325405557125
513531471,5410.9063567445055,2360.2725467903806,140.96884127463068,2909.6649686795017,3932.5623449295895,1846.1534332953456,70.72659506385709,2015.6823165703868,4.3544,238.26843190226418,0.04661721486284723,0.040734672038858416,0.08766043209131115,0.05031456853969873,691.4971887152385,282.70643595915425,25.085353460402423,383.7053992956845
348592897,5751.5835433024795,1921.2296356255256,151.70240541928035,3678.651502257679,4946.671473007196,1786.550796407606,113.99187472285645,3046.1288018767345,7.4055,689.1577375430282,0.03597845195602173,0.027788139606707573,0.04055148717472888,0.040271800675791204,574.1261054698201,175.909370807729,18.20115773625532,380.0155769258351
323475862,1897.0029729024113,0.0,0.0,1897.0029729024113,1625.3651205915041,0.0,0.0,1625.3651205915041,5.9438,443.9542719022096,0.03023839639903064,,,0.03023839639903064,196.86654807348117,0.0,0.0,196.86654807348117
475459689,4290.323231498175,2232.1651559496268,22.20629377243653,2035.9517817761073,3433.7637696269194,1737.1404067597505,12.870203688584827,1683.7531591785842,6.229,487.5807216065768,0.03670427471174496,0.03799274957534713,0.08562583501962927,0.03496873964821808,520.8662221851339,287.08260584399284,3.404538004989504,230.37907833615176
479225052,11760.945111828345,8220.968413981784,36.73482048693707,3503.241877359605,5424.475033852148,3633.2251150786087,51.106016294488285,1740.143902479052,6.4064,515.7484921634203,0.005468279845636893,0.006171311121144336,0.0,0.004172870304061358,2258.8657727750947,1677.5794472065152,2.1012317318528004,579.1850938367232
475202388,7358.7801745516535,0.0,6188.18436715252,1170.5958073991487,9084.972249755334,0.0,8253.115906687985,831.8563430673471,7.6812,741.4263395631159,0.005151441195088848,,0.0024521863510064607,0.03188617368843162,528.7151370239106,0.0,383.48771262826153,145.2274243956503
517319635,4469.540706118033,1483.5718748281465,0.0,2985.968831289883,2758.933295053149,811.966379784051,0.0,1946.966915269098,4.9559,308.6419351212814,0.05938591103385707,0.06525633585114049,,0.05695932749025073,686.7126009919676,267.23404762023654,0.0,419.47855337173115
565863515,19044.33779635101,6671.150478444653,5198.794386596656,7174.392931309671,12087.34707103758,2223.435902711043,7190.550535597926,2673.3606327286116,6.2062,484.0178720400849,0.0018672506132749321,0.0026832898729272597,6.410992384450318e-05,0.005971606693925513,3541.0856380505998,1606.0690538973492,300.80718847453346,1634.2093956787135
490387590,7764.993014004369,0.0,4501.738067872297,3263.2549461320996,5920.507675936147,0.0,3774.317019380411,2146.190656555737,6.645,554.8809750069089,0.03974724157081421,,0.03560518003486208,0.04703809189291738,927.7235626974375,0.0,474.18295126805646,453.540611429384
323452196,3217.6850937897802,0.0,2473.7569688606122,743.9281249291627,2709.9620194903337,0.0,2040.5495637395832,669.4124557507507,6.1776,479.5671566162417,0.04085634110546687,,0.04419667221766713,0.031032862999848355,345.35023381605635,0.0,274.379192024068,70.97104179198868
485835016,7018.83402060556,4916.8002022291075,126.85304599562104,1975.1807723808388,4597.200098640712,2995.730585831512,53.48156110322293,1547.987951705977,5.6448,400.41190579424233,0.04156058839646672,0.0518396861823429,0.0,0.02333597301912702,1048.3154686214132,788.0720347176929,23.943512431673476,236.29992147204572
513800575,4577.449070154897,3077.1868387703635,52.763518837162415,1447.4987125473804,2442.424619298406,1439.677531050263,24.751502706124022,977.995585542019,7.8936,782.9969933641723,0.06827315215614317,0.07391813397012911,0.07332806855958297,0.05974776273596399,855.8060622366448,658.442403601612,10.019717646162443,187.3439409888683
561985849,14768.026614672392,0.0,9791.246380148354,4976.780234524023,16980.36539343185,0.0,13621.724304468895,3358.6410889629533,8.2368,852.5638339844297,0.00020893442224982208,,0.0,0.0010526175047712869,1151.3100832750918,0.0,560.0592929444886,591.2507903306031
585947309,8548.14989814163,0.0,5889.081071766909,2659.068826374761,9778.820050443452,0.0,8123.402419630145,1655.4176308133046,4.9909,313.01676625422317,0.0008953104916471085,,0.0004731158404997183,0.002999097455449635,689.6822541987066,0.0,342.41268816786163,347.26956603084096
477880128,5773.054106515029,0.0,0.0,5773.054106515029,4210.213278093563,0.0,0.0,4210.213278093563,5.2705,349.0707823502662,0.045249594485987144,,,0.045249594485987144,743.6129806182029,0.0,0.0,743.6129806182029
519749342,15670.860134942248,0.0,0.0,15670.860134942248,10956.10668904783,0.0,0.0,10956.10668904783,5.148,333.0327476501678,0.04250175797894977,,,0.04250175797894977,2135.8451408184064,0.0,0.0,2135.8451408184064
485880739,8981.124596058733,6340.068470250743,67.79045485411388,2573.265670953883,5035.711452282929,3333.462887475169,33.3224868173054,1668.9260779904544,8.2505,855.4022756389824,0.057802605580055844,0.06124800038356736,0.07462686577110828,0.05066370275304695,1567.7277028487267,1191.8095539062567,11.575437109053093,364.34271183341946
486132712,6318.188777554967,3485.257126842409,91.95185200327359,2740.979798709271,4696.060725720919,2832.2905108429695,45.503239028107025,1818.2669758498428,5.0378,318.9273087841957,0.0423359938177863,0.035700354147061984,0.062203056496996874,0.0519664594577798,798.8112971797824,406.33192927005473,15.508811632847756,376.97055627687814
479905853,9357.126691515052,0.0,0.0,9357.126691515052,8064.441188220706,0.0,0.0,8064.441188220706,6.8648,592.1962349958551,0.03275984240967091,,,0.03275984240967091,980.2473885737891,0.0,0.0,980.2473885737891
476457450,4486.007642972363,2129.8290200035935,117.71921762392448,2238.4594053448545,2996.091952704427,1371.5640476777062,69.04774026862859,1555.4801647580923,5.8069,423.7391180559208,0.06469938708961502,0.06642932561879225,0.06755218104792862,0.0630532072720852,620.3005664456691,306.3392425974017,18.5607111758528,295.40061267241566
478058328,5562.552015845676,0.0,3566.2189699728915,1996.3330458727999,6702.507186100983,0.0,4928.248819943062,1774.258366157921,5.1343,331.2625543119858,0.007033281650450366,,0.00034251156890246836,0.024850075798316423,401.4003683641309,0.0,206.97988577629724,194.42048258783322
560992553,14837.835081516485,0.0,12259.752678056382,2578.082403460081,18462.534613588767,0.0,16993.177334417127,1469.3572791716397,5.185,337.83713502982016,0.000455541423875446,,0.00018803843543916743,0.003527785949842796,1079.062478852716,0.0,706.3372215317778,372.72525732093794
586559181,15801.79230820512,0.0,13891.257224337702,1910.5350838673946,19496.337597253467,0.0,18389.763095463517,1106.5745017899517,7.3706,682.6774375286925,0.0006084412359437878,,0.000507432380574223,0.0022908532819934683,1145.238483242503,0.0,871.0518544299474,274.1866288125559
476451456,4390.285869740775,2513.4215897169493,37.73962114937336,1839.1246588744484,2789.4173218887468,1378.3893383177665,20.693129840686595,1390.3348537302936,5.4585,374.41780533070056,0.05479309553828355,0.05449628698437701,0.12764908271235464,0.05398723978457904,682.34368900332,455.72088617598814,6.200606452961155,220.42219637436972
561532710,10235.13307619924,0.0,5210.968063306457,5024.16501289278,10415.367931872159,0.0,7247.928849555794,3167.439082316363,5.9259,441.2843249200751,0.000332313077917259,,7.9694841166363e-05,0.000902404694458012,941.5344683524994,0.0,298.2293724536012,643.3050958988975
502359001,14851.39448720977,3953.105358551096,6147.846976368126,4750.442152290661,12548.961006637084,1874.1972162376442,8473.736010814337,2201.0277795851016,5.3569,360.60931633685857,0.019755405529962074,0.06003903716999479,0.0002907571126628794,0.0602049768277207,2049.1921626220183,789.1685543057906,366.3606174296153,893.6629908866083
579626068,17445.15090925246,0.0,0.0,17445.15090925246,20877.300391015964,0.0,0.0,20877.300391015964,6.283,496.0711647794274,0.0007513317719901657,,,0.0007513317719901657,1413.4440994351455,0.0,0.0,1413.4440994351455
485838981,9256.834709092445,5967.691268514294,49.3025184746082,3239.8409221035404,5542.339233531215,3532.299571458093,21.117584570081224,1988.9220775030394,5.4402,371.9114903382113,0.05483830449518749,0.05392781782233277,0.07909142043370226,0.05618713647324254,1539.4355349033708,1049.6858358533723,9.570326837340179,480.179372212653
566671538,9777.974915276776,0.0,0.0,9777.974915276776,9345.666560214566,0.0,0.0,9345.666560214566,5.3509,359.8019672372719,0.0008271879749575862,,,0.0008271879749575862,1027.4565003918042,0.0,0.0,1027.4565003918042
485468180,3224.41945369703,864.8499259462071,25.29589581475443,2334.2736319360706,2378.412154123933,657.6491525040433,18.75322126169717,1702.0097803581925,4.2367,225.56166388920718,0.05016504379541669,0.04514432371905125,0.06550242054021163,0.05188899333033263,390.8712934094039,99.94355536488398,3.0503158608337255,287.87742218368527
320654829,2665.9859356025254,0.0,11.772164320957469,2654.2137712815684,2669.0090786273468,0.0,7.31806921035326,2661.691009416994,6.3032,499.2660544267217,0.01817358393700168,,0.04652022902052911,0.01809931325119332,231.1690735379475,0.0,1.512268925215476,229.65680461273206
565417112,16064.5857587775,0.0,13176.470846410512,2888.1149123669966,20243.018502580453,0.0,18325.22499617723,1917.793506403225,3.5979,162.67021505610018,0.0004093976414037849,,3.422148929451639e-05,0.004022162486424143,1131.7015182572127,0.0,754.5391408752895,377.1623773819215
471077468,6279.763210581414,0.0,3113.982590496425,3165.780620084987,6169.769735052745,0.0,3856.228261906527,2313.541473146218,6.8975,597.8514437032611,0.024559815827047107,,0.011040107054552065,0.04663280974132473,592.554158859732,0.0,217.55231648640827,375.0018423733226
571379222,16653.360358225284,0.0,0.0,16653.360358225284,20680.271975505784,0.0,0.0,20680.271975505784,7.3651,681.6589790576514,0.000947090260388161,,,0.000947090260388161,1189.1904089384946,0.0,0.0,1189.1904089384946
464198958,2267.4597353153954,0.0,68.60098152015087,2198.858753795244,1584.9591586428714,0.0,41.01814861992538,1543.9410100229463,6.047,459.50453425611585,0.0328943189955562,,0.03095916461392572,0.03294686391670209,301.7602572401245,0.0,9.605194263042529,292.155062977082
514824979,10182.37455957223,0.0,0.0,10182.37455957223,8376.536182325151,0.0,0.0,8376.536182325151,5.72,411.15154030884906,0.032125323324417344,,,0.032125323324417344,1163.7596591713318,0.0,0.0,1163.7596591713318
490205998,6522.431940455455,2277.8545508587854,64.2215453128301,4180.355844283809,4007.8840174132683,1297.0568029528388,41.73004652298709,2669.0971679374425,5.7334,413.08017107605536,0.059226929628792495,0.06906047697744715,0.049590677215294345,0.054667907082286776,967.3516453836004,364.7707283901618,8.819793386360718,593.7611236070785
502269786,11875.74339009887,2113.0769489896093,6733.911802019837,3028.7546390894076,11684.381584228671,1026.5590405387577,9219.960848417464,1437.8616952724515,8.008,805.8570190053441,0.012855680024002936,0.055250418830044584,0.0005024206470109839,0.06136562482642621,1353.058795317031,392.08461203388856,405.41515738560463,555.5590258975407
483061182,2510.1341301548096,1576.6023172378355,38.170403851372434,895.3614090656018,2370.222382075728,1473.986211087205,33.510182803177024,862.7259881853463,5.9498,444.8510282154432,0.02481385868695635,0.024314965769228297,0.03596034791147319,0.025219680887311174,226.98224515899153,145.33285094752526,3.68957482256826,77.95981938889815
471129934,6191.392820335906,2461.07880973313,202.41962148310841,3527.8943891197014,5041.253541099828,2064.3948867590016,151.17888713629327,2825.679767204534,9.7891,1204.1910473954956,0.037259965761126994,0.03505218978006573,0.04590773374197307,0.038397240044222514,671.5713059722266,262.3372258948216,23.814229302265886,385.41985077514124
397353539,3290.284238613008,1421.8131926260012,305.07677896685544,1563.3942670201404,2452.5905990971005,1003.0448395751714,209.1504410065997,1240.3953185153293,6.1268,471.7123767664058,0.042781916072590256,0.04303373826125901,0.04340851600526065,0.0424727639031739,388.4201211706485,181.69188813392637,38.469792100518106,168.25844093620367
488420599,4602.754384949647,2106.9739357841718,42.978061152939304,2452.8023880125284,2916.966963515562,1184.0573500783466,28.944867382456565,1703.964746054759,5.7864,420.75256111483014,0.048790519698916096,0.05553623118803576,0.04874811660916607,0.04402508096973046,697.93039997487,361.8296279723744,5.336778949063257,330.7639930534332
486110216,4246.296775567374,2949.7627279411577,52.000510290009295,1244.5335373362097,2356.6836503297454,1439.0314782955807,27.598431467767853,890.0537405663968,8.371,880.5713431035542,0.05096864915013357,0.04953074165209917,0.07469429603454003,0.05253777422703212,710.0284377364716,545.0336318321522,8.359467031254844,156.63533887306292
476455864,3044.0542241777744,1502.9483109667176,11.484102233551514,1529.6218109775027,2814.121607809485,1240.5152120146358,13.898065570919318,1559.7083302239294,5.6268,397.8623299399398,0.027543084471375358,0.036981178393930995,0.006556605329696748,0.02014285020282848,283.7838646819059,158.57890402065541,0.7576437949321133,124.44731686631847
584682764,7487.0549244952035,3425.3920564502164,29.315146769456362,4032.347721275546,4349.324954258343,1820.5429077146307,37.35382747920167,2491.4282190645094,6.0524,460.32558019701725,0.003030399300437236,0.0037571016307280966,0.031219028497136744,0.002082634846690369,1085.396079631671,557.7780291625435,2.1871114820299966,525.4309389870975
584680861,5866.8283083822425,3146.6940044335433,38.08873047189762,2682.0455734767975,3530.588045291226,1806.326732997236,51.48138644724838,1672.7799258467421,7.5169,710.0475110895546,0.001663118946062717,0.0018670491712570478,0.011265832615143507,0.0011491966485403656,794.4537761893247,448.30067306162505,2.33240134938977,343.8207017783095
565459685,29375.369372560843,0.0,0.0,29375.369372560843,37671.75733231932,0.0,0.0,37671.75733231932,4.9284,305.2261662520349,0.00010454675113398286,,,0.00010454675113398286,1972.3550852650026,0.0,0.0,1972.3550852650026
314642645,2877.965525087571,1411.1312725125472,1.8920104153244877,1464.9422421596983,2134.235753564025,1012.127972485513,2.2551594164517015,1119.8526216620598,6.0765,463.99881188333984,0.03860639915260609,0.03673261818131548,0.06759240152975894,0.040192024287652714,353.00202749982174,185.20641269258937,0.1270294041163021,167.66858540311674
382982932,8071.406974074255,1508.5090635730237,4417.486900962915,2145.411009538319,8983.622976313,1071.6547575251589,6108.466135592353,1803.502083195488,7.1424,641.059294407775,0.011503795010159133,0.04135715826240285,0.00023186271195860673,0.03241712377433561,671.3884938830386,194.15773095017934,255.52902436650342,221.70173856635566
481136138,12848.496248173817,0.0,8999.561156176744,3848.9350919971293,11411.391850783293,0.0,8836.370746838991,2575.0211039442997,7.3076,671.0569803561363,0.029439405421296094,,0.024274990169340517,0.04703962022827798,1302.4339318341206,0.0,780.385531232621,522.0484006014985
591268268,14517.435777273176,0.0,10752.825495733368,3764.610281539827,16585.265159570616,0.0,14925.799290712821,1659.4658688577936,6.6452,554.9143769226567,0.0004460057098792047,,0.00011136542401744526,0.0033634866043786953,1342.0327510176107,0.0,617.7195276979464,724.3132233196657
476104386,2437.055458448299,0.0,94.76021993514286,2342.2952385131566,2298.247584933398,0.0,82.39598276967558,2215.8516021637224,7.3788,684.1972782279558,0.025892587274902675,,0.03745780027231303,0.025465329912144098,218.96140488166154,0.0,9.145499516158255,209.81590536550323
464212183,3713.0950679343805,0.0,26.943304268316574,3686.1517636660647,2761.909056743657,0.0,18.331696862048894,2743.5773598816077,5.9088,438.7412261501783,0.08172043358268131,,0.0449711058052991,0.08190403898664209,464.79328592061836,0.0,3.469648133580757,461.3236377870375
488501071,6538.978253323492,0.0,0.0,6538.978253323492,4791.121997916953,0.0,0.0,4791.121997916953,6.6052,548.2539994351165,0.03893681100701763,,,0.03893681100701763,847.5611953935227,0.0,0.0,847.5611953935227
555089724,6714.584380434739,0.0,5607.3310849235795,1107.2532955111594,8540.34172918557,0.0,7752.133496433005,788.2082327525661,4.2328,225.1465834731258,0.0008467458521241948,,0.0005874669496653822,0.003330305135005911,450.0079529253671,0.0,324.44387978710967,125.56407313825673
475744706,4820.544482718244,1872.19219076153,152.22319633445454,2796.1290956222597,2807.5250608689475,1216.9269724061032,100.5406063475337,1490.0574821153107,5.246,345.8330035544015,0.03546634398562923,0.030477477871171714,0.035703153310212905,0.039604305630086524,762.0721515253621,281.6590032323356,20.306561153682672,460.10658713934316
314900022,2383.7726087967812,1010.599387876036,55.70710592836853,1317.4661149923795,2045.7740451942786,777.4618230709584,59.10174225324893,1209.2104798700716,6.97,610.4855941791216,0.03130330261559388,0.03643517481905527,0.014705268824975776,0.028867319999569784,251.6824994418968,122.56847932490186,4.3131821644548864,124.80083795254016
422738880,3032.61694283881,913.1687263774729,94.19227934736456,2025.2559371139728,2602.196934946579,770.7924291976037,81.94594281695129,1749.458562932024,6.4064,515.7484921634203,0.03367897136247723,0.035981157089342734,0.03243963474012122,0.032734751452649986,301.76706099477445,93.82091051244372,9.167441426483586,198.77870905584732
490916882,13892.131283364932,9262.438160560117,127.99644849402284,4501.696674310774,6813.715293005795,4491.040277806245,44.65057922014923,2278.0244359794006,5.9742,448.50715845366034,0.06271101866712792,0.06303372751170327,0.07901206342216985,0.06176738922435091,2743.3318919291414,1905.5210022202325,31.924511530946514,805.886378177969
539014038,13856.224277087964,0.0,0.0,13856.224277087964,15842.148637568713,0.0,0.0,15842.148637568713,6.1294,472.1128182403674,0.00039263403103122907,,,0.00039263403103122907,1120.4041410225773,0.0,0.0,1120.4041410225773
473611755,3467.636103834234,1091.781538961001,45.45199518366737,2330.40256968956,2216.553848457366,685.6812392409036,27.01098431807638,1503.8616248983858,6.2838,496.1975000324166,0.06565456200209199,0.06652036389155176,0.09932253303742862,0.06465149440287524,506.0824905715541,164.95297599640745,6.512535689687907,334.61697888545956
479770916,6856.791602643785,4722.101258620946,110.31844528532243,2024.371898737526,6258.106807422888,3842.7443312355895,128.4772724540008,2286.8852037332963,6.3755,510.7852695034499,0.023947586125087003,0.034796360417138815,0.0006409040806384155,0.00605132586186889,756.2050427659749,602.485415772821,7.54194927626451,146.17767771688946
386049446,3400.5203866776724,2187.429229894344,161.07144630892034,1052.0197104744113,2387.880056572945,1361.9335519941433,119.79833123165022,906.1481733471514,4.9615,309.3398391752942,0.046631483459115275,0.05682661110375752,0.04357199304038927,0.031596440906958276,451.4676544243084,322.86792537367313,19.686309827621933,108.91341922301247
473943881,5982.439316731679,0.0,3190.396129483273,2792.0431872484123,6639.026627435271,0.0,4169.989475136517,2469.0371522987534,6.6098,549.0178965383928,0.012616964189890067,,0.002002031170227664,0.030601693563203792,464.88231927318424,0.0,197.6560528492025,267.2262664239811
502366405,9956.29001766798,6066.059552274427,64.04899698535826,3826.1814684081933,6561.158291169682,4160.183421121397,32.69190880402243,2368.2829612442624,7.3115,671.7734455678649,0.05462349459441417,0.053215167141907015,0.09851057055244263,0.056487990687366985,1388.384280411211,816.2220980130925,10.491686399306113,561.6704959988133
486262299,6585.550219814795,3356.9536937862486,37.8799452266191,3190.7165808019417,4065.2110148838915,2225.8464309594656,20.707086362171676,1818.6574975622545,6.988,613.6428193977557,0.04962249518022453,0.04373007254324004,0.048893622140619014,0.05658678803555274,998.8213947599716,489.00727394574204,5.917196339817852,503.8969244744095
471077857,2998.5565899179337,0.0,776.9790603650491,2221.577529552884,3028.830852730074,0.0,1020.5284140630462,2008.3024386670277,7.016,618.5702441120932,0.01737979495773468,,0.001656729868991252,0.025365809747023366,265.79163490565554,0.0,50.37969582046917,215.41193908518616
480169178,4916.780863435083,2859.4058782678667,17.997914222111202,2039.377070945095,4029.396165600761,2187.806704362916,14.843128222646204,1826.7463330151984,5.8207,425.75552894310704,0.036365097484810614,0.04048294628403179,0.04094157518898535,0.0314282137720011,536.5182160310285,342.2205869977454,1.8550169259311882,192.4426121073507
517077548,4317.982525374578,2375.714418902156,313.6280792397094,1628.6400272327023,2845.183578999062,1915.566225869277,144.96924406909946,784.6481090606851,7.5343,713.3385289481553,0.04678187917866291,0.03753474166623358,0.056057701869180424,0.06724555126812118,622.9532279249877,273.7959704089318,58.01343925647328,291.14381825958424
571306690,13918.399579946064,4805.17578863886,5123.53914883696,3989.6846424702967,12600.240283439547,2861.6686894838567,7127.907160930271,2610.6644330254185,6.9797,612.1859760506651,0.0006882107591980454,0.0017034014910003261,2.14630252330758e-06,0.0014161035568955689,1446.1408089047895,666.1512585092736,293.0679353688981,486.9216150266253
554779051,11308.550545307819,0.0,0.0,11308.550545307819,13561.645222886349,0.0,0.0,13561.645222886349,5.8344,427.7620625373265,0.00037629156340090764,,,0.00037629156340090764,827.057328975744,0.0,0.0,827.057328975744
483020137,3440.398913785616,1419.5651100895095,140.64942887593799,1880.1843748201698,2065.806735228939,787.4135655860607,99.95787704859544,1178.4352925942826,4.0515,206.27260367932467,0.056902917834649555,0.055118935493421624,0.05275369662888191,0.058467334338314754,517.0706366307751,233.62616466643573,17.871193527691034,265.57327843664814
314822529,5589.90436766358,3292.3548471637423,31.768386087431768,2265.781134412404,4361.765228919763,2214.207632295307,20.802164971292406,2126.755431653163,8.7481,961.6949637035448,0.03213033638974426,0.03650154562759644,0.08000796886679269,0.026994158853729636,663.4958843083795,451.35975488094476,4.309765770884449,207.82636365654955
473564515,5344.105447516647,0.0,3252.775276663823,2091.330170852811,5557.847986152221,0.0,3804.14036055057,1753.7076256016503,6.3471,506.2447653509478,0.01516224731950266,,0.007939786939883578,0.03071457962316125,445.4985059354634,0.0,226.73178267663224,218.76672325883234
473540161,18163.21023506136,0.0,14511.5819034537,3651.628331607665,17153.578626235012,0.0,14889.915965660684,2263.662660574328,6.3882,512.8222654880033,0.019653984286659477,,0.015318170781963174,0.04793093140906613,1739.0837817874103,0.0,1182.981235660714,556.1025461266976
488680917,9565.953632049012,6407.390302546302,147.93960889270616,3010.623720610019,5965.683884192435,4206.988643536273,51.82659323634179,1706.8686474198184,7.1141,635.9892797143946,0.05062810107126281,0.047959546540309955,0.08715361926940894,0.056015490414331154,1543.9797954323828,1002.7418275216121,34.853614518245365,506.3843533925234
471767045,8257.081979760107,5039.338377882912,33.59981860190381,3184.1437832752817,6539.3898743001955,4160.95709055507,19.96835710251129,2358.4644266426135,7.4448,696.4916824229308,0.03822750646929612,0.03552988231855092,0.06133360092800021,0.04268799133081085,920.908429267906,536.3758213907751,4.556651073134615,379.97595680399655
555345752,12347.910970767773,0.0,8681.437171567184,3666.473799200611,14592.193127620665,0.0,12076.659717827119,2515.5334097935447,6.6511,555.9001857008949,0.00022834523946058612,,3.459238068773484e-05,0.0011400453351931123,924.1304071161579,0.0,496.6712123854575,427.4591947306999
515986607,8264.291282530945,5540.080711896304,43.15112092047231,2681.059449714178,4118.275260044817,2645.3056127185023,21.1720528566712,1451.7975944696423,5.8344,427.7620625373265,0.07191290059212263,0.0729454671672936,0.04991703918686683,0.07032742172097581,1543.0271423089437,1095.66546011748,7.1260792361651495,440.2356029552967
478110866,8106.34529588113,0.0,0.0,8106.34529588113,8048.58679678482,0.0,0.0,8048.58679678482,3.3176,138.31137815989686,0.02048552708984448,,,0.02048552708984448,762.8729803805444,0.0,0.0,762.8729803805444
490485142,6491.483580848687,5138.493110238024,96.7182183786079,1256.272252232058,3675.0206423778804,2848.135189972098,59.72460430192522,767.1608481038572,6.864,592.0582180447427,0.06538498958818866,0.06573060139962802,0.06915985855683124,0.0637991406794341,1079.62573849413,880.8268844730638,14.266795608884253,184.53205841218508
313862167,8920.64290850887,0.0,0.0,8920.64290850887,8227.968292788113,0.0,0.0,8227.968292788113,6.6945,563.1786154970159,0.01483869768228455,,,0.01483869768228455,1063.7114512938901,0.0,0.0,1063.7114512938901
397351623,3280.2419960188986,2316.7980595918984,43.43370220129691,920.0102342257026,2173.663334885913,1471.5874911698334,23.779452933880947,678.2963907821985,6.2399,489.2886297288086,0.06935738379651593,0.07346789988640064,0.054071115750061335,0.060288048408687296,462.90501628157034,337.3975528206186,7.030260095581041,118.47720336537047
501798889,2870.0303171934793,0.0,164.61504588217676,2705.4152713113017,1675.3645418007636,0.0,128.8819570406759,1546.4825847600878,6.3176,501.5498605903173,0.041841886223339425,,0.04407149540366521,0.041656226109913354,445.9932566722031,0.0,18.075547359319142,427.9177093128843
510658021,4883.2763219772005,1951.0140313051875,42.16833343417264,2890.093957237855,3212.400810197843,1186.8702145775444,23.918068414978496,2001.61252720532,6.3515,506.94689673203516,0.054410456801060214,0.05735291968716975,0.07509943231834855,0.052442092639163405,686.2214536681389,301.61683485551845,6.973054626325305,377.63156418629376
502999078,5341.930770697443,2897.663038729386,179.5376376540633,2264.73009431399,2835.2157817724537,1454.7773312091203,85.94145185895648,1294.496998704377,6.189,481.3387539950124,0.06369100976062583,0.06419701405550572,0.06419440412938945,0.06308922094133046,926.1545659451402,549.5846677461437,30.88525756289692,345.684640636102
486111903,7629.282446500262,5159.150100366742,32.51504709149971,2437.6172990420064,4727.7458320564165,3277.043905053726,13.725401686269414,1436.9765253164214,8.4339,893.8543513402467,0.02357925207191866,0.017344350946155166,0.06415584585568122,0.037127394780141036,1186.8781993164478,801.3615328254588,6.306694160662298,379.20997233032887
485184849,14091.199027533143,0.0,0.0,14091.199027533143,12208.396589115873,0.0,0.0,12208.396589115873,6.7038,564.744437928658,0.027953584002594192,,,0.027953584002594192,1536.6366451481588,0.0,0.0,1536.6366451481588
569998790,14390.826376870511,0.0,9086.30732776714,5304.51904910339,15649.904836752243,0.0,12562.26267193364,3087.6421648186038,7.106,634.5418498355314,0.00040854958878119906,,0.00022503021945922022,0.0011448224379638076,1263.3384959317862,0.0,526.340261572709,736.9982343590768
476686112,15667.269135913944,0.0,12675.483499038775,2991.7856368751873,16966.956003910294,0.0,14363.595929967787,2603.3600739425065,6.3307,503.63201684360234,0.009932051875399998,,0.006728063034538549,0.027435377175520883,1198.4744834529488,0.0,901.8041166416581,296.67036681129576
485574832,6226.844325363696,3967.032497636056,181.48169827564428,2078.330129452008,4198.3232898748265,2783.1016340728575,91.1490037915231,1324.0726520104467,6.0176,455.04725214964435,0.05070608430239772,0.04872933582118819,0.06548399299882983,0.053679604369270134,850.4718210137795,523.658931887698,30.004921848930383,296.80796727715204
508980706,4827.338556227247,2966.374393945226,39.68712888419055,1821.2770333978226,2966.4440800220527,1855.9644867763218,17.157845818447726,1093.3217474272828,5.7814,420.0257348048661,0.062247295797349,0.06054454598122161,0.08669581948769742,0.06468526488744118,721.5656516383222,445.77407837185706,7.616295873248225,268.1752773932164
567927838,17759.807829205994,0.0,14458.584535800284,3301.2232934057074,21835.303449895517,0.0,20109.721407222958,1725.5820426725616,6.7541,573.2510209709346,0.00035804430532426805,,9.942371315512857e-05,0.0033844854158610244,1347.1912012683817,0.0,828.2727689628636,518.9184323055196
481093525,12741.614220627362,0.0,9088.837930237143,3652.7762903902103,10845.727282722348,0.0,8315.420684326487,2530.3065983958604,5.0735,323.46343443618474,0.033912358730594075,,0.030245862239907533,0.04586926667774213,1344.227331682106,0.0,876.6686263704066,467.5587053117019
536951541,16132.495698282957,0.0,12426.117785850402,3706.3779124325206,14756.915619418129,0.0,12444.056824774594,2312.8587946435364,4.2328,225.1465834731258,0.01141992643268728,,0.004659468554086526,0.04799235466375184,1528.0509146427303,0.0,996.537739111729,531.5131755310103
523748610,4652.474459613017,0.0,2680.6946899330965,1971.7797696799241,5066.101954067382,0.0,3693.467804456669,1372.634149610713,4.714,279.2473242526843,0.0012249305825195128,,0.0008307994656805578,0.002289362155109226,384.0629717257575,0.0,156.06049871534663,228.0024730104108
477127614,6050.115904558174,1551.510571666642,2859.507128554386,1639.098204337141,6110.782874082858,914.4015932738969,3949.110607521782,1247.2706732871786,4.8705,298.0965565901796,0.02043187583252141,0.06564112812564477,0.00045653925031141477,0.047965013132223185,623.8152891236633,266.6932873502633,165.90998502990112,191.2120167434985
563226105,8493.863261809087,3680.744131691148,17.037837617221044,4796.08129250071,3173.331520310234,1383.1149158454277,22.96245673090168,1767.2541477339046,6.6654,558.2931487631864,0.007079234697386735,0.00929356655000192,0.01610518480090829,0.005233787604898957,1896.923156917618,827.5575521466106,1.0307500466500572,1068.3348547243597
572609108,14687.995712504287,0.0,11236.488936244941,3451.50677625933,16869.80838793085,0.0,15053.407472826459,1816.4009151043933,7.1455,641.6158902525477,0.0016514945943807001,,0.0014215073605517645,0.003543569543409371,1229.7747540704158,0.0,688.9254208051586,540.8493332652585
314804042,3992.5217015844487,2425.7616641550085,12.191428609449174,1554.568608819985,2461.183654367623,1321.171006207675,14.607228295582429,1125.4054198643657,6.2366,488.7712414630076,0.0457973311771345,0.04071694383605066,0.0031239090578937087,0.0521170859294036,613.5644611826314,416.13796997247783,0.8120550973955806,196.61443611275664
488698341,9072.210126671735,5908.2444893071815,55.9782326634197,3107.9874047011212,5859.006860237696,3915.707659889636,20.8983650599443,1922.4008352881156,5.9488,444.7015059980513,0.04844032672302139,0.05105779809838421,0.09958228140161869,0.042673062586578374,1365.9455806834985,899.6107323923655,13.508272314838385,452.8265759762964
486893033,3412.021004404141,1722.5381048785407,38.16252261884359,1651.3203769067554,2508.56112468209,1276.7036875028878,25.509310695730232,1206.3481264834718,5.597,393.65926551099676,0.0417816487083257,0.043818542147175815,0.05089166120560607,0.03937637797100626,421.07428086225434,214.06119139809175,5.187771927582579,201.82531753658
482516713,6084.287581537382,0.0,4382.205391126659,1702.0821904107258,6812.804209511449,0.0,5190.932884143585,1621.8713253678638,5.1235,329.87039849391573,0.011638588970918826,,0.00791849300412788,0.023499570719817356,467.09562583431165,0.0,312.4017671565996,154.69385867771217
475517090,3152.8260685341606,0.0,69.71629218605547,3083.109776348105,2404.082575685871,0.0,39.6494504898536,2364.4331251960175,5.1414,332.1793649190918,0.04217886862477525,,0.07275037147123388,0.041655895702181873,367.35457903258373,0.0,10.863193034945281,356.4913859976384
574377552,10314.081389373729,0.0,5835.650014210649,4478.431375163085,11599.479050138945,0.0,9126.421237987866,2473.0578121510775,6.3492,506.579812814533,0.004046188892323491,,0.004282227375448526,0.003177066313206788,974.4105298727887,0.0,302.93467890620815,671.4758509665797
486025194,5849.478829302347,3203.714957961255,211.95151188126937,2433.8123594598105,3816.862141927343,1895.2139706200705,155.70951474042505,1765.938656566848,6.6606,557.489343380113,0.05025750792709934,0.054495366855636565,0.0442708997728277,0.04623462734546883,872.5238237614763,548.6491237795937,26.401514943263447,297.47318503862084
488677994,18029.10019095229,0.0,0.0,18029.10019095229,17069.038078158883,0.0,0.0,17069.038078158883,6.6562,556.753030465645,0.024876786294147593,,,0.024876786294147593,1649.2736287501384,0.0,0.0,1649.2736287501384
370351753,4752.990434533205,1633.2158810460987,137.07668521888692,2982.6978682682197,3118.1704214923843,1108.4011334038616,99.20583004248249,1910.56345804604,5.8598,431.494685278783,0.10838295181917544,0.09667289521608871,0.12223886138513906,0.1140847378095919,618.7896864309042,209.1604248053847,16.32172036150565,393.30754126401285
485912047,5637.912046247896,2806.889584938158,37.77162776797534,2793.2508335417488,3363.931564826311,1497.5951089590326,18.726977504738066,1847.6094783625404,4.8047,290.09645118808214,0.0587637246962986,0.06313012760018819,0.08520428871667254,0.05497482888656064,875.75882882207,489.8764914241817,6.500284305164293,379.38205309272445
487664663,7017.874018840261,4366.749180934458,198.48667611775844,2452.638161788043,5176.029632258959,3624.899440011889,80.88705957579893,1470.243132671271,7.4516,697.764599468825,0.0224152832522261,0.02518473158641057,0.0050832409219499315,0.016605627673810727,907.866020920349,507.10514338864044,38.78672920452173,361.9741483271852
480351780,4544.419109831476,2655.029471547214,160.73101022600844,1728.658628058265,4058.229212319563,2482.251571331668,146.99607314401447,1428.981567843881,7.3573,680.2159234067353,0.030292349419905617,0.025827049834717446,0.033846225192856745,0.037413859354890305,438.483615460568,244.91089651416064,14.790501195102182,178.7822177513046
487099387,5863.968854220735,0.0,0.0,5863.968854220735,4758.257874977311,0.0,0.0,4758.257874977311,6.4115,516.5699720210991,0.025735157941773106,,,0.025735157941773106,773.7276808008784,0.0,0.0,773.7276808008784
475888653,2119.6934985590924,0.0,57.69818809429384,2061.9953104647975,1865.09843281256,0.0,53.6520611540621,1811.4463716584978,6.7382,570.5551880193167,0.031220611814439077,,0.04681609351205714,0.030778674360791215,216.19229199933955,0.0,5.166091228380842,211.02620077095884
526531616,12650.511075652319,0.0,11282.3085093889,1368.2025662634312,14307.457228740752,0.0,12837.86631720213,1469.5909115386212,6.1352,473.00672299278125,0.006373655539161911,,0.0057819719309757074,0.011444613841359691,903.2564709107845,0.0,796.3768016854145,106.87966922536948
314831019,6728.2942553644525,2805.477989951019,51.84850607734142,3870.967759336085,4035.753154139294,1673.7343693170578,28.821282905357236,2333.197501916879,7.9392,792.0696073336062,0.054901718789350074,0.039949375224298506,0.03943259797835368,0.06576344011926044,1004.2452502977147,441.2289056841275,7.665467365995616,555.3508772475888
555019563,16816.598595184518,0.0,13235.804825053108,3580.7937701314086,20809.426337846093,0.0,18409.05580598727,2400.3705318588245,6.7496,572.4874047260415,0.00022562068791747095,,7.054891771434839e-05,0.0014039695609626515,1184.7655050219028,0.0,757.8503062354406,426.91519878646596
585951863,10361.649285719324,0.0,0.0,10361.649285719324,12389.657731860492,0.0,0.0,12389.657731860492,4.8864,300.04603685119076,0.00042362873792492256,,,0.00042362873792492256,775.0417653108249,0.0,0.0,775.0417653108249
565415071,19540.569690213993,0.0,0.0,19540.569690213993,23711.12101970349,0.0,0.0,23711.12101970349,6.5062,531.9424909794787,0.0006606651845645604,,,0.0006606651845645604,1524.355635788505,0.0,0.0,1524.355635788505
475515168,5055.938938230242,0.0,0.0,5055.938938230242,2653.5960291143165,0.0,0.0,2653.5960291143165,7.6256,730.7316283154912,0.0658631121194337,,,0.0658631121194337,855.8823284466345,0.0,0.0,855.8823284466345
502267531,3374.7822189100025,1621.1724119641467,81.9661648543796,1671.6436420914747,2295.7964312107038,1068.2009847774405,32.58072003711214,1195.0147263961514,5.2921,351.9378269492927,0.02863886310670585,0.015125142721742865,0.0,0.041678723836227616,444.0727013062315,224.55799821083247,16.409626203846795,203.10507689155213
561517025,14336.026237439635,0.0,8789.333622172471,5546.692615267151,14987.615105024377,0.0,11979.02495304583,3008.590151978547,7.5832,722.6281650177452,0.001238680705101025,,0.0006284672576917685,0.0036361655021254066,1372.2172439992034,0.0,523.5685216816854,848.6487223175212
569494755,9459.349806061313,0.0,0.0,9459.349806061313,10923.581586230352,0.0,0.0,10923.581586230352,5.3555,360.42085395286153,0.0006280014977587889,,,0.0006280014977587889,759.2297922848671,0.0,0.0,759.2297922848671
476086391,6533.487017398165,1001.1020212353926,3883.3845044446693,1649.0004917180947,7177.974324878845,576.6240223127986,5315.254799940259,1286.0955026257889,4.4209,245.60163109373454,0.009129895458327267,0.04035124941386806,0.0008333875249489906,0.032267360930232775,561.4778937229923,149.86290524708141,229.3958691515036,182.21911932440875
321906005,2088.0819672337147,793.2398658194778,71.80929568130058,1223.0328057329343,2328.63733342067,852.708474415029,83.8267828291569,1392.1020761764844,5.6558,401.9739885996533,0.006390496183097493,0.009372851253247012,0.001024429993163327,0.004882467926599727,161.66354518956086,69.97497848944491,4.898915411126269,86.78965128898969
318733871,2138.4560946146607,1044.515081835868,28.29395497109981,1065.6470578076905,1815.0198336768613,872.499292610304,21.878073272118407,920.6424677944387,5.1432,332.4119970904887,0.03819691983278729,0.04021208045182115,0.05798314978552072,0.03582490045367338,231.62247154454082,118.37491863940414,3.5717974163974207,109.6757554887395
578485753,12497.098178464996,0.0,9925.04679500419,2572.0513834608464,15353.86902208657,0.0,13795.654594752868,1558.2144273337021,5.949,444.7314084309103,0.0003110420411055774,,3.430341762214275e-05,0.0027105432503851936,911.6610793967473,0.0,568.6899903203334,342.9710890764139
486560376,4407.8852040602,2739.844246341338,132.17872819636327,1535.8622295224966,3149.9322690702684,1808.860751645505,106.65224475107152,1234.419272673692,4.745,282.9321485415621,0.04044311569485416,0.041686923511115005,0.042516233063953884,0.03850907529305011,599.7785522426699,413.98797404150605,14.663739210072917,171.1268389910912
488679042,7860.250803390123,5013.830349395838,69.57635179343242,2776.84410220086,7353.300051331342,4913.239718603409,81.1534213751456,2358.9069113527876,7.598,725.4515992841917,0.009693351854349413,0.003672761988097997,0.0006176076771741963,0.022264983317575822,741.0661660699528,442.29395721266764,4.750153849565617,294.0220550077207
580161872,15557.318842182107,0.0,12097.679648584515,3459.6391935976294,18893.635935717484,0.0,16795.507122507413,2098.1288132100726,5.1987,339.62478531873217,0.00020741553203305056,,6.90167052294985e-05,0.0013035311424139525,1155.4020609200043,0.0,694.7626755254046,460.63938539459815
354190013,8055.707942967971,3747.4624872390605,201.36606806904504,4106.87938765983,6113.6071556361385,2926.487968607229,160.54825039744514,3026.5709366314636,7.2863,667.1507231710167,0.04372863115922522,0.04236448891934791,0.03929134659078471,0.045262350574419075,932.1504577271618,422.1682204929765,21.437035739251918,488.54520149493186
527869035,6913.76339910712,0.0,0.0,6913.76339910712,5667.974698833953,0.0,0.0,5667.974698833953,4.3472,237.48112968239127,0.036601368342445983,,,0.036601368342445983,790.1402088121384,0.0,0.0,790.1402088121384
