,sag_amplitude_0,sag_ratio1_0,sag_ratio2_0,sag_amplitude_1,sag_ratio1_1,sag_ratio2_1,sag_amplitude_2,sag_ratio1_2,sag_ratio2_2,sag_amplitude_3,sag_ratio1_3,sag_ratio2_3,Cell_id,Cre_line
0,0.27987065124554533,0.18597813365039437,0.8140218663496056,0.5244045867915332,0.12191197969323195,0.878088020306768,0.9728166809003369,0.13891399062282392,0.861086009377176,1.6955669250382357,0.14498474471248807,0.8550152552875119,486132712,Rbp4-Cre_KL100
1,1.014028137204889,0.10375290072291833,0.8962470992770817,1.5705035095097486,0.11952562533524273,0.8804743746647573,1.8806512222154055,0.11973024129140282,0.8802697587085971,1.798502532959148,0.1030913196804229,0.896908680319577,490601284,Rbp4-Cre_KL100
2,1.2320589439705856,0.11558582333304063,0.8844141766669593,1.2061828536282633,0.07666586891089615,0.9233341310891039,0.7168784103047727,0.036488588969779565,0.9635114110302204,0.4614644393952574,0.020761685855330173,0.9792383141446698,482910438,Nr5a1-Cre
3,0.21518478392989948,0.0645554866199779,0.9354445133800221,1.1564334258855808,0.10848511820719173,0.8915148817928082,1.5994731597698149,0.09839264415191457,0.9016073558480854,1.5770894927833154,0.07445159175522277,0.9255484082447772,560599530,Nr5a1-Cre
4,0.2645895996094083,0.12909740341363132,0.8709025965863687,0.1615980300462354,0.02924420217318666,0.9707557978268133,0.2988412093705506,0.03696582354773709,0.9630341764522629,0.17884861741811164,0.01725015432641433,0.9827498456735857,569706189,Rbp4-Cre_KL100
5,0.3882783965884329,0.21347329299173592,0.7865267070082641,1.0859973067925068,0.2057229326613725,0.7942770673386275,1.697879226694667,0.2066266724402645,0.7933733275597356,2.1793159789967262,0.19243007580567983,0.8075699241943202,477930684,Rbp4-Cre_KL100
6,0.45569137525264125,0.14646658332277104,0.8535334166772289,0.21415268708621227,0.030515050885073156,0.9694849491149269,0.4157845839689145,0.037964759923612035,0.962035240076388,1.0141907958276448,0.0693161902575078,0.9306838097424922,486178939,Rbp4-Cre_KL100
7,0.22881737517178635,0.30270650884676803,0.697293491153232,0.4322785262999673,0.19143479601309518,0.8085652039869048,0.4345968170089378,0.12155761566891202,0.878442384331088,0.8116909713711493,0.1635800672036761,0.8364199327963239,490558274,Rbp4-Cre_KL100
8,0.7437851251516321,0.3248884192914398,0.6751115807085601,1.988964996335639,0.30529893605471764,0.6947010639452823,0.21371503430650307,0.020602264469576213,0.9793977355304238,0.8312773436536816,0.06230904357920883,0.9376909564207911,483024426,Nr5a1-Cre
9,0.30774579609868624,0.06525610581282033,0.9347438941871796,0.4303481367526558,0.03739484041142267,0.9626051595885773,0.25947208378026687,0.014865019795967776,0.9851349802040322,0.3694091186512196,0.016552970716851943,0.9834470292831481,482652174,Nr5a1-Cre
10,0.29096678147658395,0.10210198343417794,0.897898016565822,0.5156226881829582,0.06417709388803292,0.9358229061119671,0.7105057220169044,0.05655086672100632,0.9434491332789937,0.9654352415543173,0.0585773872974745,0.9414226127025255,369697038,Nr5a1-Cre
11,0.3121286543527759,0.4551524830032048,0.5448475169967951,0.33262843315432633,0.18431901055709818,0.8156809894429018,0.3971513214099218,0.1330615083863661,0.8669384916136339,0.6783717651333916,0.1628229975990402,0.8371770024009598,486236426,Rbp4-Cre_KL100
12,0.9283474426284783,0.25512622644878086,0.7448737735512192,0.35084668708273625,0.030808544249766603,0.9691914557502334,0.4342212142615267,0.03707110394302087,0.9629288960569792,0.9019099808064368,0.06088651733145839,0.9391134826685417,475400072,Rbp4-Cre_KL100
13,0.3809025802563468,0.21682727507606697,0.7831727249239331,0.9641218032816283,0.19548524920931448,0.8045147507906855,1.7498788833485293,0.22254692586969416,0.7774530741303058,2.5924651565516825,0.24371540677695322,0.7562845932230468,490733962,Rbp4-Cre_KL100
14,0.43294251251484184,0.17975105671182928,0.8202489432881708,0.5355589063607624,0.07906419678332956,0.9209358032166705,0.6858783492234721,0.06433458238373156,0.9356654176162684,1.0229347076054154,0.07233660137987215,0.9276633986201278,471143169,Rbp4-Cre_KL100
15,0.5119435271940915,0.14548510882446633,0.8545148911755337,0.4514671399048069,0.04889291363661551,0.9511070863633845,0.8980908429012118,0.06545510139920198,0.934544898600798,0.3176852035030464,0.017712502519529813,0.9822874974804702,465924786,Nr5a1-Cre
16,0.3784023204650282,0.09855005849298651,0.9014499415070135,0.9919737243641435,0.09962511523154943,0.9003748847684506,1.493713600127407,0.1004935876568332,0.8995064123431668,1.9715344467202556,0.1035334763351685,0.8964665236648315,477564985,Rbp4-Cre_KL100
17,0.744655212401284,0.25882303968105375,0.7411769603189462,0.33844367203592185,0.049007026690001405,0.9509929733099985,0.4713108596218234,0.04529315202231916,0.9547068479776808,0.6443742675343316,0.04759880124587129,0.9524011987541288,422738880,Nr5a1-Cre
18,0.324935935603591,0.09215020288981181,0.9078497971101882,0.4831542129509643,0.06294696194691392,0.937053038053086,0.5931543196722799,0.05036711787967691,0.949632882120323,0.20918514251850695,0.013543957362570604,0.9864560426374294,321893798,Nr5a1-Cre
19,0.29222162619500125,0.05615518288685958,0.9438448171131404,0.2645344465119166,0.030748221488271343,0.9692517785117286,0.743284881565117,0.06603916354057841,0.9339608364594216,0.4976831588751338,0.03609427878846704,0.963905721211533,485608017,Rbp4-Cre_KL100
20,0.2790974574347729,0.29966290560827824,0.7003370943917218,0.2949422832843851,0.1338251197392605,0.8661748802607395,0.2541827697723704,0.07115081791766234,0.9288491820823377,0.325902053712241,0.06775742790533465,0.9322425720946653,482658760,Nr5a1-Cre
21,0.2218163375855795,0.029944255651758605,0.9700557443482414,0.6679721603176034,0.061982763631408394,0.9380172363685916,0.30816036987283724,0.02136481512362844,0.9786351848763716,1.6492773895021884,0.09414979650909068,0.9058502034909093,578938449,Nr5a1-Cre
22,4.169182693494363,0.16282927045256895,0.837170729547431,5.679627212503931,0.18667913988370283,0.8133208601162971,,,,,,,486246801,Rbp4-Cre_KL100
23,0.2062795104969979,0.1299306259823637,0.8700693740176363,0.4984969482314341,0.13045643804275556,0.8695435619572445,1.2781527252197833,0.19103317848867515,0.8089668215113248,1.4893398437518783,0.17051031569760863,0.8294896843023913,485880739,Rbp4-Cre_KL100
24,0.4355659939844685,0.17478452568570801,0.825215474314292,0.15971540069583057,0.027882683293669674,0.9721173167063303,0.32559777800197764,0.03523060439933054,0.9647693956006694,0.2496921914951571,0.01970335273052547,0.9802966472694745,476086391,Nr5a1-Cre
25,0.34553540032615615,0.10739316549949393,0.892606834500506,1.3453168180449069,0.1504917493671214,0.8495082506328786,0.5129321287424915,0.040959864528504926,0.959040135471495,0.9112455062314098,0.0579139006606156,0.9420860993393844,476457450,Nr5a1-Cre
26,0.5300046079452159,0.1428777872269813,0.8571222127730187,0.7921524429323767,0.07243688770936196,0.927563112290638,0.9163486709162498,0.05389734434944341,0.9461026556505566,1.4092841490555656,0.0644077054722997,0.9355922945277003,490931049,Rbp4-Cre_KL100
27,0.2902451854275938,0.05043683451328674,0.9495631654867133,0.25618340301993214,0.030347509163007182,0.9696524908369928,0.4162139892293908,0.03561754604740228,0.9643824539525977,0.3298479156312908,0.023095065674610282,0.9769049343253897,490982660,Rbp4-Cre_KL100
28,0.3225908431977018,0.19858844060597503,0.801411559394025,0.6451596298193749,0.1402731915350091,0.8597268084649909,1.2446609191797648,0.16401336488373217,0.8359866351162678,1.8387537765399742,0.17740734053838178,0.8225926594616182,490779678,Rbp4-Cre_KL100
29,0.28634022481553245,0.15603804238421376,0.8439619576157863,0.9209095077697498,0.17793350403195363,0.8220664959680464,1.08747327418736,0.1356769670345549,0.8643230329654451,1.4472777556939178,0.1346290719645425,0.8653709280354575,488359338,Rbp4-Cre_KL100
30,0.2847226177209592,0.08050264547266407,0.9194973545273359,0.4626602782872453,0.053683526452721834,0.9463164735472782,0.3865037154873363,0.030212258554700274,0.9697877414452998,0.5148782652637749,0.0335382487518655,0.9664617512481345,479682071,Nr5a1-Cre
31,0.4196616665566637,0.1844850599318969,0.8155149400681031,0.4025910872033336,0.06840625904240272,0.9315937409575973,0.8375026473162563,0.09428529121613138,0.9057147087838686,0.9435259169880226,0.08024002585061364,0.9197599741493864,485578197,Rbp4-Cre_KL100
32,0.39390922543800855,0.14447998932085243,0.8555200106791475,0.38452778625486417,0.054474103700514545,0.9455258962994855,0.2147464751959518,0.020281032017701085,0.979718967982299,0.4666518858610118,0.03564055646246357,0.9643594435375364,517752298,Nr5a1-Cre
33,0.34005926494521077,0.13445532346017308,0.8655446765398269,0.3738096846646215,0.058511496866318534,0.9414885031336815,0.908066497787587,0.08673106064398074,0.9132689393560193,0.6176900710888873,0.04642507036956033,0.9535749296304397,489888847,Nr5a1-Cre
34,0.41772230524571796,0.16230220532075607,0.8376977946792439,0.2792855300901067,0.040706931563914715,0.9592930684360853,0.33791037759894493,0.032338419744074434,0.9676615802559255,0.2959656219488096,0.022344453761665283,0.9776555462383347,475459689,Nr5a1-Cre
35,0.26993462368504595,0.21269861282298264,0.7873013871770174,0.5271204299699122,0.1558046695900562,0.8441953304099438,0.790996482841976,0.14333200480360797,0.856667995196392,1.1523486327745616,0.1466553801495892,0.8533446198504108,486111903,Rbp4-Cre_KL100
36,0.9650679091289902,0.46896313406550383,0.5310368659344962,0.33872433447599803,0.0712027225918675,0.9287972774081326,0.8261620711854505,0.10517991116846359,0.8948200888315364,0.5129985877659493,0.04540183455349741,0.9545981654465026,397345294,Nr5a1-Cre
37,0.16449707758664545,0.10258091898299945,0.8974190810170005,0.5245285339434247,0.13541086602216446,0.8645891339778355,0.9784427871522468,0.1507469893922187,0.8492530106077812,1.2130897674584276,0.13997941257128996,0.86002058742871,490916882,Rbp4-Cre_KL100
38,0.5682146835186046,0.14540703344198053,0.8545929665580194,1.142657875008254,0.17746188328577914,0.8225381167142208,1.5647143707357714,0.17098766218009886,0.8290123378199011,2.258097404452741,0.19481122521670036,0.8051887747832996,479722622,Rbp4-Cre_KL100
39,0.8438404540992508,0.15326115543257804,0.846738844567422,1.0726831665038645,0.04000528189998664,0.9599947181000134,0.7882771832136797,0.02670387135522877,0.9732961286447712,,,,485468180,Nr5a1-Cre
40,1.2252770842673044,0.4808723830868926,0.5191276169131074,0.4076845018469015,0.06353986026506032,0.9364601397349397,0.47852655029421953,0.04664603263689434,0.9533539673631056,0.377471908453316,0.02808463315476543,0.9719153668452346,478447600,Nr5a1-Cre
41,0.41075334158925614,0.14714138297433807,0.8528586170256619,0.4265893019601492,0.06199512119470398,0.938004878805296,0.6774414519793481,0.06065255079730872,0.9393474492026913,0.47068310531022917,0.03015343489135611,0.9698465651086439,489754156,Nr5a1-Cre
42,0.34756742073976454,0.16863068212742854,0.8313693178725715,0.3228497771324612,0.05440328160826306,0.945596718391737,0.30549767265750916,0.027018316088026652,0.9729816839119734,0.3648727258851352,0.02545932434154138,0.9745406756584586,386049446,Nr5a1-Cre
43,0.9309670944265349,0.23072568233719537,0.7692743176628046,0.7752168726414936,0.07524687426400775,0.9247531257359922,0.3296849744840955,0.0223268246925504,0.9776731753074496,0.8632479857340201,0.0463532093552291,0.9536467906447709,386970660,Nr5a1-Cre
44,0.518067176818775,0.19695035186109022,0.8030496481389098,0.5736296767726969,0.06912064237815478,0.9308793576218453,0.7382148132198267,0.060277828944048956,0.939722171055951,0.9483476409590423,0.06086736833925285,0.9391326316607471,517977609,Nr5a1-Cre
45,1.8406917037169706,0.5767172767221341,0.4232827232778658,0.636254661469934,0.07439556682424796,0.925604433175752,1.5947462463044388,0.07980151555595696,0.9201984844440431,,,,510946335,Nr5a1-Cre
46,0.4875355070815601,0.12662103369468064,0.8733789663053193,0.6215970077507791,0.08053194121408991,0.9194680587859101,0.6136591720381404,0.05175018251761755,0.9482498174823825,1.027777458191423,0.06769221121519128,0.9323077887848087,487664070,Rbp4-Cre_KL100
47,0.1842455291614442,0.21869590769672742,0.7813040923032726,0.5494955139089228,0.23782245740917612,0.7621775425908239,0.7940893325584426,0.21141804157842292,0.7885819584215771,0.9769350051758892,0.19181725417551962,0.8081827458244804,490772223,Rbp4-Cre_KL100
48,0.2624646072356427,0.0947796056350795,0.9052203943649205,0.43881633696068434,0.061979879596584124,0.9380201204034159,0.6454015350334572,0.06255493118503176,0.9374450688149683,0.1794956664193279,0.013785027169653848,0.9862149728303462,469720505,Nr5a1-Cre
49,0.6880603328585835,0.15720442113018374,0.8427955788698163,0.31834800683732567,0.02900725084729692,0.9709927491527031,0.36012294713285087,0.022153995985332863,0.9778460040146671,0.277037055860319,0.013673648468334958,0.986326351531665,318733871,Nr5a1-Cre
50,0.3038786696138942,0.14843435787505876,0.8515656421249412,0.4813470837607099,0.09278765475771872,0.9072123452422813,0.22197182464768161,0.02917437129978648,0.9708256287002135,0.2888472135962843,0.030133290020314615,0.9698667099796854,489888898,Nr5a1-Cre
51,0.2839055555983663,0.045555662466226256,0.9544443375337738,0.6555916060630551,0.04832041417647984,0.9516795858235202,1.1287179794073978,0.06956808918614456,0.9304319108138555,,,,397354239,Nr5a1-Cre
52,0.6838788677076053,0.08909927534914311,0.9109007246508569,0.6089349974884755,0.05558171480538678,0.9444182851946132,0.6532457808031182,0.04394406242899267,0.9560559375710074,0.7990907440050705,0.04612202326233006,0.9538779767376699,479679997,Nr5a1-Cre
53,0.27547172546267973,0.11577918390289645,0.8842208160971036,0.8132773589665732,0.11868457747052355,0.8813154225294765,1.2706833419206731,0.11837264417074551,0.8816273558292544,3.4739642028458917,0.17071759536371153,0.8292824046362884,480718588,Rbp4-Cre_KL100
54,0.5242547374025293,0.04891532600198047,0.9510846739980195,0.5375349348531557,0.034211151921566096,0.9657888480784339,0.9408153762798861,0.04851183444588076,0.9514881655541192,1.7159324798119826,0.07371182159376855,0.9262881784062315,486191673,Rbp4-Cre_KL100
55,0.46659860216696813,0.19606086462644265,0.8039391353735573,0.2884976806543449,0.05141757609284866,0.9485824239071513,0.42112789154053587,0.048943305137780044,0.95105669486222,0.4306905746461638,0.0365544083732177,0.9634455916267823,502978383,Nr5a1-Cre
56,0.2396605682370847,0.032776146973667854,0.9672238530263322,0.5007220916089921,0.028774060917265334,0.9712259390827347,0.701152900696357,0.03506678216192778,0.9649332178380722,,,,483027960,Nr5a1-Cre
57,0.3934050445137274,0.1893394936116903,0.8106605063883097,0.3791615522292062,0.07203534295555754,0.9279646570444424,0.7399045639379125,0.08979628529027177,0.9102037147097283,0.7495372619139573,0.07025688203092098,0.929743117969079,325853048,Rbp4-Cre_KL100
58,0.35781050109811474,0.21424033349063912,0.7857596665093609,0.4945038222913496,0.11907776247110223,0.8809222375288978,0.6054950408208697,0.09291652050696614,0.9070834794930338,0.6755977475079504,0.07392274855250072,0.9260772514474993,479704527,Rbp4-Cre_KL100
59,0.25677705380228133,0.09604970414715983,0.9039502958528401,0.4514098815294716,0.06691680601759217,0.9330831939824078,0.7751281814407776,0.07185350661734886,0.9281464933826511,0.7762146453748642,0.05485437446174894,0.9451456255382511,508883033,Rbp4-Cre_KL100
60,0.7394648201699283,0.05940693019305737,0.9405930698069426,0.7575580290296102,0.049816973309755,0.950183026690245,0.42361962850029045,0.023142761661758545,0.9768572383382415,0.32733950805790357,0.015777249208380337,0.9842227507916197,483020137,Nr5a1-Cre
61,0.4205889353983281,0.2241071057166582,0.7758928942833418,0.4316594084120453,0.08808951765185041,0.9119104823481495,0.533119857679992,0.07497367030506955,0.9250263296949305,0.5746512907942929,0.059712665166118076,0.9402873348338819,479721491,Rbp4-Cre_KL100
62,0.4121534881393245,0.10622272241378758,0.8937772775862124,0.2828723219858489,0.025969522552402445,0.9740304774475975,0.4833459853694393,0.030576729047987018,0.969423270952013,0.3779092635738408,0.019019392929827298,0.9809806070701726,578517537,Nr5a1-Cre
63,0.3142244642177445,0.10239859299562816,0.8976014070043719,0.4073423840171557,0.05140343561610426,0.9485965643838957,0.687216262751889,0.05606697354098031,0.9439330264590197,0.6385911102587585,0.040722629752474405,0.9592773702475256,370694659,Nr5a1-Cre
64,0.4444345092290263,0.20274120729115194,0.797258792708848,0.5544959793025299,0.10374067249581859,0.8962593275041815,0.9571205062827062,0.11030592714627585,0.8896940728537241,0.9945354919302076,0.08467381403458203,0.9153261859654179,508911693,Rbp4-Cre_KL100
65,0.2860662765045845,0.12194026692705524,0.8780597330729447,0.5266824264350731,0.08928753746738038,0.9107124625326196,0.42006536865223154,0.04341447283280364,0.9565855271671964,0.6843783569023572,0.05804996321427673,0.9419500367857233,510658021,Nr5a1-Cre
66,0.2949727554317576,0.1958620911377769,0.8041379088622231,0.224034896847229,0.027777687312165223,0.9722223126878348,0.4482154234571425,0.04384568378754711,0.956154316212453,0.16809866296156883,0.013230925897816983,0.9867690741021831,490916919,Rbp4-Cre_KL100
67,0.33347309109109347,0.09661659638098723,0.9033834036190128,0.44562862391870794,0.04687684860557837,0.9531231513944216,0.2690589899701905,0.020628165735867208,0.9793718342641328,0.5101523971417947,0.029794759789382615,0.9702052402106174,514530024,Nr5a1-Cre
68,0.17424793243034742,0.06262754834289633,0.9373724516571037,0.19188021849198833,0.026374422338811696,0.9736255776611883,0.4677550201028424,0.043455463142283324,0.9565445368577167,0.5658820037595973,0.03936474022887839,0.9606352597711216,370351753,Nr5a1-Cre
69,0.18815273254648446,0.07205861497385356,0.9279413850261464,0.25780809744084365,0.03938648052776747,0.9606135194722325,0.2332224120237072,0.023840998069059705,0.9761590019309403,0.21447096230387785,0.01745900293002275,0.9825409970699772,482726727,Nr5a1-Cre
70,0.3595275115966814,0.12776911493792348,0.8722308850620766,1.195691230772539,0.15298042371485035,0.8470195762851497,0.90094000235392,0.07563566040354809,0.9243643395964519,1.3874019546363598,0.08788236545040168,0.9121176345495983,476087653,Nr5a1-Cre
71,0.3049983898305584,0.11328775647514662,0.8867122435248533,0.5014353332871053,0.07357518981671857,0.9264248101832815,1.0140044631536114,0.09406868676111522,0.9059313132388848,0.6313731536637164,0.048708977979916544,0.9512910220200834,321906005,Nr5a1-Cre
72,0.635589652993545,0.22010023602998954,0.7798997639700105,0.478472610471556,0.0662691340735317,0.9337308659264683,1.0195031051552093,0.06449998202496326,0.9355000179750368,0.7280650253221808,0.03774190282306581,0.9622580971769342,577854506,Nr5a1-Cre
73,0.34391065978650204,0.22874363199112083,0.7712563680088792,0.7227470397633624,0.1742824210602839,0.8257175789397161,0.8524653777714519,0.13471557586320854,0.8652844241367914,0.8965039825035177,0.10429373328032454,0.8957062667196755,485610263,Rbp4-Cre_KL100
74,0.9779963528802256,0.10668784668758807,0.8933121533124119,1.0043465804711502,0.052696301828916325,0.9473036981710836,1.4669950026606529,0.06406222357915516,0.9359377764208449,2.274627655008402,0.08125046487571522,0.9187495351242848,478439166,Nr5a1-Cre
75,0.414098014713133,0.13099266612128652,0.8690073338787134,0.6199013061053193,0.07358793756750039,0.9264120624324996,1.2971918181833502,0.10030369938944267,0.8996963006105574,1.8581830062444595,0.10984937820338725,0.8901506217966128,479150681,Rbp4-Cre_KL100
76,0.5116531143195004,0.21917161473038788,0.7808283852696121,0.4000034560089176,0.07448334140953249,0.9255166585904675,0.5578163756215986,0.06064667869394736,0.9393533213060526,0.9051902236582663,0.07369391174667599,0.9263060882533241,479711015,Rbp4-Cre_KL100
77,0.5645902862041225,0.07038745868209183,0.9296125413179082,0.6371525497090715,0.057808014645945566,0.9421919853540545,0.8568716506818532,0.058404186288647096,0.9415958137113529,0.9384408645592544,0.04995180813943736,0.9500481918605627,510451636,Nr5a1-Cre
78,0.9164346158993482,0.2323425221074484,0.7676574778925516,0.21190311429225517,0.02736973538844286,0.9726302646115571,0.48580854033244236,0.040821480156983204,0.9591785198430168,1.4043170013429886,0.09387825710148621,0.9061217428985138,508276760,Rbp4-Cre_KL100
79,0.1827847288920168,0.09359111746260709,0.9064088825373929,0.21737204726967718,0.04124057702935276,0.9587594229706472,0.25637783794664415,0.03080168903728865,0.9691983109627114,0.31091001073801294,0.029022466161716887,0.9709775338382831,489753228,Nr5a1-Cre
80,0.7024418563541275,0.18913891091217475,0.8108610890878253,0.8903162841091188,0.0473065599595729,0.9526934400404271,2.0982143707554144,0.08291328222646681,0.9170867177735332,3.0218463133772957,0.10102675260224692,0.8989732473977531,485956826,Rbp4-Cre_KL100
81,1.1998399657884988,0.41604629090306217,0.5839537090969379,0.23162091062998513,0.02867590870762948,0.9713240912923705,0.146309364318725,0.010983215348154038,0.989016784651846,0.941471977046362,0.04056934653367371,0.9594306534663263,502193385,Nr5a1-Cre
82,0.3038719402398584,0.15583209168414702,0.844167908315853,0.19231678759879856,0.04030796721721892,0.959692032782781,0.14816126233151294,0.01929420485358565,0.9807057951464143,0.22931552135720779,0.02252433117878821,0.9774756688212118,489885173,Nr5a1-Cre
83,2.100060455298788,0.5737582139520203,0.42624178604797963,1.2515603866595484,0.047787003464983956,0.952212996535016,,,,,,,321923492,Nr5a1-Cre
84,0.34056117226005256,0.18109628653581808,0.8189037134641819,0.2361238325911188,0.05056037847484193,0.949439621525158,0.2915295104974973,0.03750637492492339,0.9624936250750766,0.6912164458393022,0.07146324106490176,0.9285367589350982,354833767,Nr5a1-Cre
85,0.48171574400905115,0.2428680884639409,0.7571319115360591,0.7894722061107728,0.18757651890873248,0.8124234810912675,1.3711207733122848,0.11598851956599315,0.8840114804340068,,,,515249852,Rbp4-Cre_KL100
86,0.396654830551725,0.10279240522886068,0.8972075947711393,0.22913056939810872,0.022656844246166385,0.9773431557538336,0.3133727569579321,0.020642566445238764,0.9793574335547612,0.3018102569433694,0.01518294765757898,0.984817052342421,356237593,Nr5a1-Cre
87,0.2410674743014738,0.1420651514791598,0.8579348485208402,0.25422259509139167,0.05815411983537196,0.941845880164628,0.2207466734300283,0.029166000918793733,0.9708339990812063,0.12347376251223352,0.012319424847575634,0.9876805751524244,502269786,Nr5a1-Cre
88,0.9670987624533183,0.346811202447804,0.653188797552196,0.8561291577363335,0.14027975090952846,0.8597202490904715,0.9680980758610218,0.11626213331348947,0.8837378666865106,,,,486052980,Rbp4-Cre_KL100
89,0.3932857815214419,0.05726686365649054,0.9427331363435094,0.9602849957670969,0.07721169373731569,0.9227883062626843,0.9999100111474917,0.056161194920415804,0.9438388050795842,,,,486110216,Rbp4-Cre_KL100
90,0.8941837079693755,0.22536543783161872,0.7746345621683812,0.6073788599528598,0.06827852663212255,0.9317214733678775,1.1636516723014267,0.08707736362871242,0.9129226363712876,1.6502451934416769,0.0773699436093547,0.9226300563906453,485570372,Nr5a1-Cre
91,0.31518314359581723,0.07159115544154936,0.9284088445584506,0.5838404388427278,0.07102566295271627,0.9289743370472837,0.622307998620002,0.050458370485240836,0.9495416295147592,0.715128463728675,0.044814817794638674,0.9551851822053613,502267531,Nr5a1-Cre
92,0.27984277311567496,0.03765581666220389,0.9623441833377961,0.5413737180592619,0.04756765730165159,0.9524323426983484,0.5286853102337545,0.03490472548102115,0.9650952745189788,0.6346620635423932,0.03656432406099219,0.9634356759390078,397348126,Nr5a1-Cre
93,1.8602477873449317,0.2764170166872367,0.7235829833127633,0.9336233214601748,0.05263007775050454,0.9473699222494955,1.0070290679670677,0.05437889599130441,0.9456211040086956,,,,397353539,Nr5a1-Cre
94,0.28293531035959063,0.19843856372966412,0.8015614362703358,0.3724025954967516,0.09405325143731125,0.9059467485626888,0.11887100219628621,0.018932425642548392,0.9810675743574516,0.17712140653958386,0.021240710955226606,0.9787592890447734,501839495,Rbp4-Cre_KL100
95,1.0661544876695785,0.16595043814743615,0.8340495618525638,0.8238420635361621,0.10150585843716649,0.8984941415628335,0.44534140772755393,0.04675501106492909,0.9532449889350709,1.3804668954802821,0.11766853431469046,0.8823314656853095,321923685,Nr5a1-Cre
96,0.5526533889783423,0.21119612865735138,0.7888038713426486,0.7481835631442806,0.12694032693349658,0.8730596730665034,0.3925978240966117,0.047300257954894065,0.9526997420451059,1.3133711624536488,0.10101329080851892,0.898986709191481,487664663,Rbp4-Cre_KL100
97,1.4446215893018461,0.4829571355266953,0.5170428644733047,2.575097808835608,0.22278467380120917,0.7772153261987909,2.5444027175813346,0.18582962205395337,0.8141703779460466,,,,471131311,Rbp4-Cre_KL100
98,2.4051524965250195,0.33237678947186716,0.6676232105281328,0.6558406064165467,0.06029565371290071,0.9397043462870993,0.5261279754248704,0.038226835939806435,0.9617731640601935,1.1093078613243819,0.07460959485100001,0.925390405149,486176465,Rbp4-Cre_KL100
99,0.4684647369435311,0.14609949179978693,0.853900508200213,0.692682975762068,0.13208529213844236,0.8679147078615577,1.0482151947017257,0.1463666595670944,0.8536333404329056,1.2238470077414831,0.13682580289118385,0.8631741971088162,485838981,Rbp4-Cre_KL100
100,0.8252558138884893,0.16622842907415195,0.8337715709258481,0.4618113249694744,0.0482117202227096,0.9517882797772904,1.515810935841671,0.11809384498122869,0.8819061550187713,1.258248222166614,0.07613944130574722,0.9238605586942528,386867406,Nr5a1-Cre
101,0.37899725324577105,0.1332142609415458,0.8667857390584542,0.2899100341779359,0.04219285667800804,0.957807143321992,0.12478478240997504,0.01158630115714451,0.9884136988428555,0.2347538220906813,0.016629407961317084,0.9833705920386829,489753277,Nr5a1-Cre
102,0.5695345762737674,0.07230163548133867,0.9276983645186614,0.871652084229865,0.08518545673231726,0.9148145432676827,0.6333393552999382,0.04999592436546914,0.9500040756345308,0.6356592785945026,0.04365249448842501,0.956347505511575,486510127,Nr5a1-Cre
103,0.3221285017985309,0.0966115633034202,0.9033884366965798,0.2766614455821639,0.032195485286936804,0.9678045147130632,0.6462145461708957,0.047277197383734294,0.9527228026162657,0.6084736404242932,0.03425629411745898,0.965743705882541,569715141,Rbp4-Cre_KL100
104,0.31721407318130446,0.1746136070877614,0.8253863929122386,0.32509029378995535,0.06349395684803506,0.936506043151965,0.4958168105571872,0.05981198965025801,0.940188010349742,0.8001907881695018,0.073773880124387,0.926226119875613,488117124,Rbp4-Cre_KL100
105,1.0857861083028553,0.37005159827414075,0.6299484017258592,0.3982165603554648,0.06529258448231307,0.9347074155176869,1.1543473889718143,0.11642646163900051,0.8835735383609995,0.7746518249475116,0.060076957207510696,0.9399230427924893,501014504,Rbp4-Cre_KL100
106,0.39827744290884937,0.1490760844607074,0.8509239155392926,0.38040862274162635,0.0619284354496533,0.9380715645503467,0.9988786086973676,0.10488565175538186,0.8951143482446181,1.1894022140290872,0.09308788723199143,0.9069121127680085,508566646,Rbp4-Cre_KL100
107,0.1789745026112115,0.07266284059944687,0.9273371594005532,0.30081591782914074,0.04977873931297883,0.9502212606870212,0.35330781535124345,0.03472787913569561,0.9652721208643044,0.5550271605571027,0.04570128875728786,0.9542987112427121,485834744,Rbp4-Cre_KL100
108,0.6170978164850709,0.22799731104832804,0.772002688951672,1.8799345473914713,0.14889208691041778,0.8511079130895822,1.6950036163014772,0.120038575368249,0.879961424631751,1.7093697662179181,0.10969872201357932,0.8903012779864207,483092310,Rbp4-Cre_KL100
109,0.5900036620885345,0.19842060992858485,0.8015793900714152,0.49274583433906116,0.10226094779430835,0.8977390522056916,0.8441844253387814,0.12907475806295363,0.8709252419370463,1.9269418868988453,0.22001808869048847,0.7799819113095116,485835016,Rbp4-Cre_KL100
110,0.35137957763410554,0.19214632305790652,0.8078536769420934,1.0928083267151862,0.24290900784526065,0.7570909921547393,1.6257468185407333,0.22081462371770322,0.7791853762822968,2.1548469543455724,0.2220193037312091,0.777980696268791,569703486,Rbp4-Cre_KL100
111,0.3103096618482226,0.12310935248355284,0.8768906475164472,0.20493460841338162,0.030513459307640146,0.9694865406923598,0.3509104003466774,0.031137875648960638,0.9688621243510394,3.174308883642823,0.19357183102317568,0.8064281689768243,569710450,Rbp4-Cre_KL100
112,0.4863482817151521,0.06254346190217404,0.9374565380978259,2.307683914155234,0.15764065662483562,0.8423593433751644,,,,,,,569441208,Nr5a1-Cre
113,0.37894255814480005,0.16428593292238394,0.8357140670776161,0.4185603559754867,0.07654002896058132,0.9234599710394187,0.45224772612449726,0.053189682879859874,0.9468103171201401,0.3540367734616865,0.03302180730140778,0.9669781926985922,325903081,Rbp4-Cre_KL100
114,0.3644034957877835,0.16581270637374199,0.834187293626258,0.38512768512852347,0.07029681489340328,0.9297031851065968,0.25931671903552456,0.030732549818403062,0.969267450181597,0.3735342254634162,0.035239062749768804,0.9647609372502312,489731121,Nr5a1-Cre
115,0.16687865445702244,0.06216655601503083,0.9378334439849692,0.22894052881365212,0.03521219143155925,0.9647878085684407,0.28091047663644986,0.028504745375785866,0.9714952546242142,0.3339953765382404,0.0265810701778876,0.9734189298221124,502260112,Nr5a1-Cre
116,1.8186859969164146,0.8264146854881839,0.17358531451181614,0.7131231378351259,0.13901413646605593,0.860985863533944,,,,,,,325941643,Rbp4-Cre_KL100
117,0.883403266891662,0.46711242341497633,0.5328875765850236,1.079816924700296,0.3064715404011334,0.6935284595988667,1.0535045776352803,0.20280002473854347,0.7971999752614565,1.7605662841625076,0.22427914222057094,0.775720857779429,490790207,Rbp4-Cre_KL100
118,0.4482156674492046,0.36341904969823347,0.6365809503017665,0.374527809141739,0.14027152893756759,0.8597284710624324,0.7396529998602404,0.16939524629935365,0.8306047537006463,0.9842543868980584,0.17037891263212773,0.8296210873678723,485574832,Rbp4-Cre_KL100
119,1.0412812498150288,0.20888968860975024,0.7911103113902498,0.8304099195788552,0.05799642617602077,0.9420035738239793,0.5050893324903569,0.021864024493145676,0.9781359755068543,1.56140254211698,0.04951575510972762,0.9504842448902724,477862382,Rbp4-Cre_KL100
120,0.2827783660776788,0.1398996550763533,0.8601003449236467,0.5073173980583903,0.09227828351150795,0.9077217164884921,0.9384116592351006,0.10732507415219585,0.8926749258478042,1.2682150039631068,0.10405078915929195,0.8959492108407081,501886192,Rbp4-Cre_KL100
121,0.5899027481064536,0.07993541701867755,0.9200645829813224,1.6290908737201306,0.14186428974724352,0.8581357102527565,1.9861215667560543,0.12999086566815715,0.8700091343318428,2.2141285705121305,0.11986482215037293,0.880135177849627,482809953,Nr5a1-Cre
122,0.37646603390851396,0.3663746794748753,0.6336253205251248,0.506911132788062,0.19661097985452708,0.8033890201454729,0.8977776870566885,0.21348613304210995,0.78651386695789,1.2368487777646067,0.21541188667366193,0.784588113326338,471767045,Rbp4-Cre_KL100
123,0.21078759748552045,0.06697808277346,0.93302191722654,0.49102897619577845,0.06237214951208349,0.9376278504879165,0.7505932311764099,0.06421680148443186,0.9357831985155681,0.8246232986253972,0.05543341763363972,0.9445665823663603,397351623,Nr5a1-Cre
124,0.8030992199675211,0.2911652496104652,0.7088347503895348,0.5327478249066218,0.08247225560563695,0.917527744394363,0.4582482526353857,0.04554701368615972,0.9544529863138402,0.36906060015822106,0.028215944931590083,0.9717840550684099,325815086,Rbp4-Cre_KL100
125,0.9887465816425447,0.15554662100705371,0.8444533789929463,0.7436838150015177,0.058808622156435945,0.9411913778435641,0.7636517715350237,0.04997730012419846,0.9500226998758016,0.7922531204239931,0.043862035561742355,0.9561379644382576,475330208,Nr5a1-Cre
126,0.3183706206538375,0.11818369907987289,0.8818163009201271,0.8135352859421232,0.15817408274434974,0.8418259172556503,0.6000986099243306,0.07603087028606903,0.923969129713931,0.5566831664881278,0.05216585473193184,0.9478341452680682,510455612,Nr5a1-Cre
127,0.29994133751009144,0.07777818347591517,0.9222218165240849,0.5706911544340016,0.030628187022173053,0.9693718129778269,0.9084091567932262,0.03680390695944737,0.9631960930405526,,,,502993826,Nr5a1-Cre
128,0.3950658492780974,0.03149328250053886,0.9685067174994612,0.8391597747694703,0.04633188937545782,0.9536681106245422,1.6164332809371587,0.07106974152308633,0.9289302584769137,2.4427531967144773,0.083082908354817,0.916917091645183,560594898,Nr5a1-Cre
129,0.68641084991377,0.16014756064483476,0.8398524393551652,0.7525592193116921,0.06755442102632384,0.9324455789736762,1.8650901184051634,0.10775031253158343,0.8922496874684166,3.5003781662079376,0.15770343504674134,0.8422965649532587,482726749,Nr5a1-Cre
130,0.5695281295649011,0.1701967185621204,0.8298032814378796,0.7148406982204989,0.07633545453899598,0.923664545461004,0.45056711578368436,0.030943172584767333,0.9690568274152327,1.5345651550201467,0.08036757094016139,0.9196324290598386,515511110,Rbp4-Cre_KL100
131,0.25734803772016335,0.08819501684674277,0.9118049831532572,0.6853086851550501,0.08354714008736114,0.9164528599126389,1.0243712463147574,0.08171064534580548,0.9182893546541945,1.2290656432466136,0.07593767431901242,0.9240623256809876,469734859,Nr5a1-Cre
132,0.39459856377955305,0.21149655176633206,0.7885034482336679,0.43812886024937825,0.12673008362807553,0.8732699163719244,0.18474550628437214,0.03515708385184141,0.9648429161481586,0.7972459106173488,0.088002350171254,0.911997649828746,485577686,Rbp4-Cre_KL100
133,0.180528167715309,0.06740848633947737,0.9325915136605226,0.37240342708273033,0.05614027337172108,0.9438597266282789,0.6462855834694778,0.06330742069190111,0.9366925793080989,1.0763775482178346,0.07033975435392709,0.929660245646073,569424261,Nr5a1-Cre
134,0.2072226791334657,0.06748594989374317,0.9325140501062569,0.19790869134803302,0.02744759148921241,0.9725524085107876,0.8891905211641671,0.08033254217320036,0.9196674578267996,1.2773167190171648,0.08612263088254507,0.913877369117455,488420599,Rbp4-Cre_KL100
135,0.5745057674204332,0.18144912472570418,0.8185508752742958,0.2366546020515159,0.031230094355846113,0.9687699056441539,0.2931853097973516,0.024159248906256838,0.9758407510937431,0.40896750601837084,0.025953987005854093,0.974046012994146,367567889,Nr5a1-Cre
136,0.24715876760201638,0.10268065689014359,0.8973193431098564,0.19462843310357414,0.03145389699976348,0.9685461030002365,0.3034087982178022,0.03207845289749414,0.9679215471025059,0.32569120783684014,0.026519629398986198,0.9734803706010138,517974394,Nr5a1-Cre
137,0.2701923287066137,0.11577341474812973,0.8842265852518703,0.35809081268534726,0.05742961388903176,0.9425703861109682,0.4458725814449167,0.04482696854710854,0.9551730314528915,0.4271849975168607,0.03193271045145594,0.968067289548544,382982932,Nr5a1-Cre
138,0.1618083115255473,0.1503094482743988,0.8496905517256013,0.21212011718522206,0.06622053089410558,0.9337794691058944,0.4770660629042851,0.09143201666287458,0.9085679833371254,0.4121910934474471,0.057686418583568363,0.9423135814164316,488380827,Rbp4-Cre_KL100
139,0.4030903468490692,0.13479525896288447,0.8652047410371155,0.2530030211310219,0.03380205424993284,0.9661979457500671,1.8295656508875737,0.09279882508371906,0.9072011749162809,,,,476451456,Nr5a1-Cre
140,0.6254051969634844,0.19221332178646935,0.8077866782135307,0.7463172605669399,0.1301661865882072,0.8698338134117928,1.0534657896422317,0.10691817717199167,0.8930818228280083,0.48012969189227306,0.04015330156409161,0.9598466984359084,479683481,Nr5a1-Cre
141,0.40634826660263457,0.13845117249214098,0.861548827507859,0.5734018858394734,0.0715675876499609,0.9284324123500391,0.5765279310692364,0.04497374887037233,0.9550262511296277,1.2432532042103333,0.07021915786882578,0.9297808421311742,471758398,Rbp4-Cre_KL100
142,0.3016860121347662,0.16500394417742972,0.8349960558225703,0.7445910873723278,0.10231348197726178,0.8976865180227382,0.7665365676268721,0.08011991298779544,0.9198800870122046,1.1010986403729106,0.09687376570732932,0.9031262342926707,422055317,Nr5a1-Cre
143,0.3389638747959509,0.24685238852666275,0.7531476114733373,0.5391291732429124,0.14118360604441685,0.8588163939555832,1.1439036636197102,0.18378366012422323,0.8162163398757768,1.3801922225788417,0.16445806895210813,0.8355419310478919,487663469,Rbp4-Cre_KL100
144,0.3971915282800609,0.17381114306374515,0.8261888569362549,0.3939340438547134,0.0657711569334172,0.9342288430665828,0.326058662411171,0.03570981997234266,0.9642901800276573,0.3676518401878468,0.028975905217966447,0.9710240947820336,480714960,Rbp4-Cre_KL100
145,0.8618074339274102,0.057930784988779765,0.9420692150112202,2.650377967710284,0.11817692338343119,0.8818230766165688,3.1645338591901293,0.11417963702861827,0.8858203629713818,4.500369918778702,0.13855730938926272,0.8614426906107373,485955982,Rbp4-Cre_KL100
146,0.37756553649656155,0.046383018315199046,0.9536169816848009,0.5752228469308989,0.04541605243205503,0.954583947567945,0.7130338210703258,0.04376304400805195,0.956236955991948,0.9359406280335065,0.04875836369007632,0.9512416363099236,485570335,Nr5a1-Cre
147,0.8182231291698514,0.2790273660205105,0.7209726339794895,2.0160904998251823,0.24101710235478105,0.758982897645219,1.1531908568868516,0.11793713693847087,0.8820628630615291,1.3222535171258016,0.08831785154930025,0.9116821484506997,486025194,Rbp4-Cre_KL100
148,0.35840357192064687,0.07149044618917692,0.9285095538108231,0.7538408584168224,0.10272683676555924,0.8972731632344407,0.8649959181980904,0.08703045921686231,0.9129695407831376,1.2366824340432316,0.08860698894759006,0.91139301105241,485574721,Rbp4-Cre_KL100
149,0.2634113998385459,0.12886408178947095,0.871135918210529,0.632815544108098,0.12736790605451082,0.8726320939454892,0.9680338134233324,0.1164113603056082,0.8835886396943918,1.459433746317842,0.10412048012639019,0.8958795198736098,488419491,Rbp4-Cre_KL100
150,0.2647180174150492,0.03315211138186017,0.9668478886181399,0.23759265122714623,0.019596396674216476,0.9804036033257835,0.5331541137482247,0.03495456281508588,0.9650454371849141,1.1705992584199834,0.056183439444340746,0.9438165605556592,318808427,Nr5a1-Cre
151,0.7967802124064178,0.2498342339351599,0.7501657660648401,1.9825293120730407,0.2208633385613677,0.7791366614386322,4.359060638426314,0.3162187452505235,0.6837812547494765,5.5484981918074965,0.2963791207569239,0.7036208792430761,325919795,Rbp4-Cre_KL100
152,0.18661983464068044,0.14873176240374258,0.8512682375962575,0.2150575027461059,0.07195518689741327,0.9280448131025867,0.42953588839327494,0.08918336624600628,0.9108166337539937,0.4428386306798018,0.06840555438372663,0.9315944456162734,471141261,Rbp4-Cre_KL100
153,0.2670043487584479,0.211100704844382,0.788899295155618,0.3494101483972827,0.044910098489753844,0.9550899015102462,0.22631470456045122,0.024193092206894952,0.9758069077931051,0.13012285613959307,0.011669246111931902,0.9883307538880681,469704261,Nr5a1-Cre
154,0.3026600188663764,0.0868937279064717,0.9131062720935283,2.4270661160481097,0.2294368798199995,0.7705631201800005,0.4732773357581266,0.0335867297470308,0.9664132702529692,0.5976512220963315,0.031891274550096695,0.9681087254499033,476455864,Nr5a1-Cre
155,0.39672299949133105,0.26770364222449794,0.7322963577755021,0.5259100418016374,0.17630298623865853,0.8236970137613415,0.3509103923739758,0.07552656032278604,0.924473439677214,0.3630591430141834,0.058646640168558556,0.9413533598314414,482799345,Nr5a1-Cre
156,0.5301284405060613,0.1957144769480738,0.8042855230519262,0.4805575637012254,0.02991863568521428,0.9700813643147858,0.5963462371325932,0.03279525745621171,0.9672047425437883,,,,476452460,Nr5a1-Cre
157,0.26452687063763847,0.1012993461284258,0.8987006538715742,0.22230715179445326,0.028023964303046184,0.9719760356969538,0.3330969924391525,0.02524412951576969,0.9747558704842303,1.1511522445075997,0.07316109823941794,0.926838901760582,505808144,Nr5a1-Cre
158,0.6074423980711856,0.3517857140808074,0.6482142859191926,0.3125659939947667,0.07472310011636886,0.9252768998836312,0.20137832632129005,0.02890644508504604,0.971093554914954,0.31387152074471203,0.031857280252684035,0.9681427197473159,475838754,Nr5a1-Cre
159,0.20144172662193682,0.03771464267671083,0.9622853573232891,0.18028604887962274,0.021727560049339262,0.9782724399506607,0.2676295236262405,0.023880925314915567,0.9761190746850844,0.3781277540855257,0.025660538501798336,0.9743394614982016,482905575,Nr5a1-Cre
160,1.1125027999564736,0.07114535844093732,0.9288546415590627,2.656245613071178,0.13741506708163906,0.8625849329183609,1.5104102478004933,0.06327459592047667,0.9367254040795233,,,,502245101,Nr5a1-Cre
161,0.4218720397934561,0.1728297588321653,0.8271702411678347,0.13762942504996545,0.027192252536650332,0.9728077474633496,0.31237123839568426,0.036008709350887985,0.963991290649112,0.1439085537219995,0.01193882870435127,0.9880611712956487,490612844,Rbp4-Cre_KL100
162,0.30809123228395663,0.29258295750945607,0.7074170424905439,0.2938798138960834,0.10597758400100048,0.8940224159989996,0.5009963454400719,0.07327438225939172,0.9267256177406082,0.5909423446664448,0.06699565946972146,0.9330043405302786,471129934,Rbp4-Cre_KL100
163,0.5879420775184769,0.22278892130140357,0.7772110786985964,1.1882765960540667,0.11176355729330135,0.8882364427066987,1.5638162536407805,0.1119083586966037,0.8880916413033964,2.398870834335952,0.13965532284589396,0.860344677154106,507996688,Rbp4-Cre_KL100
164,1.6786918868918121,0.18795947575713562,0.8120405242428643,2.081441261291289,0.19966742867023718,0.8003325713297629,,,,,,,488683425,Rbp4-Cre_KL100
165,0.24524827575389452,0.2040980830667516,0.7959019169332484,0.3984438857838484,0.10188977638508255,0.8981102236149174,0.7119987869228055,0.12741127088784734,0.8725887291121527,1.6782560272135498,0.16810371070008856,0.8318962892999114,326508751,Rbp4-Cre_KL100
166,0.34206013485163567,0.06862332461396,0.93137667538604,0.8107453994596057,0.0996634011415163,0.9003365988584837,1.2031916656356714,0.11319591149037166,0.8868040885096283,1.3970595016190543,0.10965394766458086,0.8903460523354192,485579168,Rbp4-Cre_KL100
167,0.24352678679633755,0.09788210069086349,0.9021178993091366,0.3780888290404647,0.06015891206088588,0.9398410879391141,0.5794647216631716,0.05802439315845524,0.9419756068415448,1.1469721832065574,0.08657147982643064,0.9134285201735693,562185938,Nr5a1-Cre
168,0.4360667190511833,0.3186674358338625,0.6813325641661375,0.6718166809030208,0.1831011329397302,0.8168988670602698,0.8266288528283496,0.14182588234247495,0.858174117657525,1.5715351257174603,0.189550290272465,0.8104497097275349,490576429,Rbp4-Cre_KL100
169,2.010026641793459,0.14847084727806342,0.8515291527219365,2.6955029906898176,0.10826368728683784,0.8917363127131621,5.541056938165909,0.16549562084362046,0.8345043791563795,,,,508887004,Rbp4-Cre_KL100
170,0.37906231677131075,0.08515153702342068,0.9148484629765793,0.400565818725795,0.0325920680811871,0.9674079319188129,1.7194095916253076,0.08049554093173485,0.9195044590682652,1.2635346679417552,0.047035891866872126,0.9529641081331278,515524026,Rbp4-Cre_KL100
171,0.7475590438455839,0.21910972605469403,0.780890273945306,1.049128471344261,0.18843864615045758,0.8115613538495424,0.768588890085752,0.1076553402073522,0.8923446597926478,1.42003408813666,0.15380968313023635,0.8461903168697636,485835055,Rbp4-Cre_KL100
172,0.41415299946892503,0.11767186065983579,0.8823281393401642,0.92184243764585,0.060999609206204494,0.9390003907937955,1.378091850260688,0.06137291918908898,0.9386270808109111,2.016592414843288,0.07948395518753597,0.9205160448124641,385492488,Nr5a1-Cre
173,0.48937220741795784,0.40333747063663705,0.596662529363363,0.5104017486424794,0.17273308345512223,0.8272669165448777,0.5694021147217967,0.12446906058534736,0.8755309394146527,0.7686588515957311,0.11849358556050034,0.8815064144394996,486054618,Rbp4-Cre_KL100
174,0.890348357907385,0.20985928841810494,0.790140711581895,0.24533847016978427,0.0199806255343928,0.9800193744656072,0.6846601790042399,0.03769395243793306,0.962306047562067,1.0624722747821522,0.04532699427023249,0.9546730057297675,489752610,Nr5a1-Cre
175,0.16527832793653374,0.07483925586830363,0.9251607441316964,0.28158991996640736,0.049566823678897746,0.9504331763211022,0.5752534861108103,0.06687281913596362,0.9331271808640363,0.2889093169743404,0.027204494333998117,0.9727955056660019,479728896,Rbp4-Cre_KL100
176,0.775629104503949,0.08193260810883962,0.9180673918911604,1.1379413299238479,0.08035150705316331,0.9196484929468367,1.9664021300867063,0.10292120245123978,0.8970787975487602,2.4482216186154204,0.11065985649961115,0.8893401435003888,485490864,Nr5a1-Cre
177,0.31018444047026605,0.0704538842507418,0.9295461157492582,0.7209338606175777,0.07408354825710228,0.9259164517428977,0.9222848585751535,0.059622884625861065,0.9403771153741389,2.1342220534904897,0.10436941381117734,0.8956305861888226,490966322,Rbp4-Cre_KL100
178,0.8182221143856765,0.1802047655677024,0.8197952344322976,0.7030666274703776,0.0771138967410569,0.922886103258943,0.2993150710875767,0.023725733481016996,0.976274266518983,0.7604105910678669,0.04795755773422212,0.9520424422657778,514544971,Nr5a1-Cre
